Rank,Symbol,Company Name,Sector,Close,Pct Change,Today Volume,15D Avg Volume,Volume Ratio,Days of Data,Date
1,QUESS.NS,Quess Corp Ltd.,Services,332.55,7.38,17360234,395874,43.8529,16,2026-07-31
2,VOLTAMP.NS,Voltamp Transformers Ltd,Capital Goods,9923.0,6.68,655530,28422,23.0642,16,2026-07-31
3,ASTRAZEN.NS,AstraZenca Pharma India Ltd.,Healthcare,8100.0,0.51,136142,6383,21.3288,16,2026-07-31
4,THERMAX.NS,Thermax Ltd.,Capital Goods,4306.0,1.28,3744900,188594,19.8569,16,2026-07-31
5,CENTURYPLY.NS,Century Plyboards (India) Ltd.,Consumer Durables,799.5,0.72,764265,49046,15.5826,16,2026-07-31
6,ASTRAMICRO.NS,Astra Microwave Products Ltd.,Capital Goods,1861.6,7.86,4926672,356075,13.8361,16,2026-07-31
7,AARTIIND.NS,Aarti Industries Ltd.,Chemicals,489.1,1.85,11291944,845600,13.3538,16,2026-07-31
8,SUBROS.NS,Subros Ltd.,Capital Goods,819.25,4.59,370294,31072,11.9173,16,2026-07-31
9,STAR.NS,Strides Pharma Science Ltd.,Healthcare,1025.0,-4.01,1702438,160090,10.6343,16,2026-07-31
10,THOMASCOOK.NS,Thomas Cook (India) Ltd.,Consumer Services,104.27,4.97,6600567,639664,10.3188,16,2026-07-31
11,NIVABUPA.NS,Niva Bupa Health Insurance Company Ltd.,Financial Services,87.01,1.27,18633773,1808274,10.3047,16,2026-07-31
12,AETHER.NS,Aether Industries Ltd.,Chemicals,1539.6,3.27,2452517,239970,10.2201,16,2026-07-31
13,THELEELA.NS,Leela Palaces Hotels & Resorts Ltd.,Consumer Services,494.6,5.66,2200386,226198,9.7277,16,2026-07-31
14,NAZARA.NS,Nazara Technologies Ltd.,Media Entertainment & Publication,339.0,10.05,19459600,2059539,9.4485,16,2026-07-31
15,HYUNDAI.NS,Hyundai Motor India Ltd.,Automobile and Auto Components,2180.7,8.05,5531326,671201,8.2409,16,2026-07-31
16,BOSCH-HCIL.NS,Bosch Home Comfort India Ltd.,Consumer Durables,1391.3,6.17,140353,17649,7.9525,16,2026-07-31
17,BALKRISIND.NS,Balkrishna Industries Ltd.,Automobile and Auto Components,2473.5,7.22,3394753,441307,7.6925,16,2026-07-31
18,SHREECEM.NS,Shree Cement Ltd.,Construction Materials,26055.0,-1.51,112157,14874,7.5405,16,2026-07-31
19,APTUS.NS,Aptus Value Housing Finance India Ltd.,Financial Services,261.2,-5.77,5843532,803212,7.2752,16,2026-07-31
20,DODLA.NS,Dodla Dairy Ltd.,Fast Moving Consumer Goods,1040.6,-0.12,138440,19822,6.9842,16,2026-07-31
21,INDGN.NS,Indegene Ltd.,Healthcare,515.15,0.53,1142160,164161,6.9576,16,2026-07-31
22,CONCORDBIO.NS,Concord Biotech Ltd.,Healthcare,1420.8,6.83,598363,98844,6.0536,16,2026-07-31
23,AWL.NS,AWL Agri Business Ltd.,Fast Moving Consumer Goods,189.44,0.99,13711417,2282671,6.0067,16,2026-07-31
24,MANKIND.NS,Mankind Pharma Ltd.,Healthcare,2469.6,-4.13,2362243,394108,5.9939,16,2026-07-31
25,NETWEB.NS,Netweb Technologies India Ltd.,Information Technology,4524.0,7.84,4508874,774276,5.8233,16,2026-07-31
26,SAFARI.NS,Safari Industries (India) Ltd.,Consumer Durables,1559.6,-0.26,114181,20039,5.6979,16,2026-07-31
27,GAIL.NS,GAIL (India) Ltd.,Oil Gas & Consumable Fuels,181.44,4.49,38863632,7122022,5.4568,16,2026-07-31
28,ISGEC.NS,Isgec Heavy Engineering Ltd.,Construction,825.95,-2.39,110998,20919,5.3061,16,2026-07-31
29,BAJFINANCE.NS,Bajaj Finance Ltd.,Financial Services,1141.2,8.32,40811849,8268706,4.9357,16,2026-07-31
30,JPPOWER.NS,Jaiprakash Power Ventures Ltd.,Power,18.29,5.6,257903022,53747804,4.7984,16,2026-07-31
31,EMIL.NS,Electronics Mart India Ltd.,Consumer Services,130.16,0.22,5461939,1172364,4.6589,16,2026-07-31
32,INTELLECT.NS,Intellect Design Arena Ltd.,Information Technology,719.9,2.04,2151816,521592,4.1255,16,2026-07-31
33,IMFA.NS,Indian Metals & Ferro Alloys Ltd.,Metals & Mining,1448.6,5.34,345910,88174,3.923,16,2026-07-31
34,REDINGTON.NS,Redington Ltd.,Services,321.65,3.44,23652473,6039449,3.9163,16,2026-07-31
35,ABFRL.NS,Aditya Birla Fashion and Retail Ltd.,Consumer Services,60.24,2.21,14235770,3642749,3.908,16,2026-07-31
36,GMDCLTD.NS,Gujarat Mineral Development Corporation Ltd.,Metals & Mining,564.25,0.82,2864809,738871,3.8773,16,2026-07-31
37,MAHSEAMLES.NS,Maharashtra Seamless Ltd.,Capital Goods,565.35,-1.26,208948,55099,3.7922,16,2026-07-31
38,PTC.NS,PTC India Ltd.,Power,175.52,3.78,2194827,583489,3.7616,16,2026-07-31
39,SCHNEIDER.NS,Schneider Electric Infrastructure Ltd.,Capital Goods,1355.3,4.38,895776,238538,3.7553,16,2026-07-31
40,ABCAPITAL.NS,Aditya Birla Capital Ltd.,Financial Services,404.3,2.6,10947397,2980397,3.6731,16,2026-07-31
41,LICHSGFIN.NS,LIC Housing Finance Ltd.,Financial Services,523.1,-3.29,4185513,1144961,3.6556,16,2026-07-31
42,ASHOKLEY.NS,Ashok Leyland Ltd.,Capital Goods,166.18,5.12,47538056,13359202,3.5585,16,2026-07-31
43,INGERRAND.NS,Ingersoll Rand (India) Ltd.,Capital Goods,4335.6,1.35,48440,13674,3.5425,16,2026-07-31
44,PRICOLLTD.NS,Pricol Ltd.,Automobile and Auto Components,696.65,2.29,1934910,553004,3.4989,16,2026-07-31
45,HDFCLIFE.NS,HDFC Life Insurance Company Ltd.,Financial Services,548.5,0.57,11437779,3275475,3.4919,16,2026-07-31
46,BLUEDART.NS,Blue Dart Express Ltd.,Services,5160.3,2.67,39064,11336,3.446,16,2026-07-31
47,IFCI.NS,IFCI Ltd.,Financial Services,76.54,4.11,50436678,14773108,3.4141,16,2026-07-31
48,ESCORTS.NS,Escorts Kubota Ltd.,Capital Goods,3086.0,2.4,336265,99602,3.3761,16,2026-07-31
49,KIRLOSBROS.NS,Kirloskar Brothers Ltd.,Capital Goods,1870.1,-0.17,281794,84152,3.3486,16,2026-07-31
50,SJVN.NS,SJVN Ltd.,Power,68.62,0.25,5490968,1662406,3.303,16,2026-07-31
51,GILLETTE.NS,Gillette India Ltd.,Fast Moving Consumer Goods,7624.0,-1.23,58809,17957,3.275,16,2026-07-31
52,BAJAJFINSV.NS,Bajaj Finserv Ltd.,Financial Services,2029.1,6.27,3731310,1149185,3.2469,16,2026-07-31
53,KAJARIACER.NS,Kajaria Ceramics Ltd.,Consumer Durables,1198.3,0.53,946194,296211,3.1943,16,2026-07-31
54,NIACL.NS,The New India Assurance Company Ltd.,Financial Services,173.62,4.66,2403115,761270,3.1567,16,2026-07-31
55,ZEEL.NS,Zee Entertainment Enterprises Ltd.,Media Entertainment & Publication,114.55,2.09,61726352,19718748,3.1303,16,2026-07-31
56,RAYMONDLSL.NS,Raymond Lifestyle Ltd.,Textiles,710.5,-2.9,315499,101933,3.0952,16,2026-07-31
57,FIEMIND.NS,Fiem Industries Ltd,Automobile and Auto Components,2323.3,-1.85,133187,43114,3.0892,16,2026-07-31
58,SUNDARMFIN.NS,Sundaram Finance Ltd.,Financial Services,4665.6,3.89,150265,49702,3.0233,16,2026-07-31
59,THANGAMAYL.NS,Thangamayil Jewellery Ltd.,Consumer Durables,5226.5,-10.0,748214,253135,2.9558,16,2026-07-31
60,MAZDOCK.NS,Mazagoan Dock Shipbuilders Ltd.,Capital Goods,2381.8,2.7,1599607,546068,2.9293,16,2026-07-31
61,POWERMECH.NS,Power Mech Projects Ltd.,Construction,2566.4,-2.61,150355,52593,2.8588,16,2026-07-31
62,TBOTEK.NS,TBO Tek Ltd.,Consumer Services,1531.2,2.18,682944,243039,2.81,16,2026-07-31
63,HBLENGINE.NS,HBL Engineering Ltd.,Capital Goods,718.7,2.77,2001444,715660,2.7966,16,2026-07-31
64,LTFOODS.NS,LT Foods Ltd.,Fast Moving Consumer Goods,410.35,3.34,2403870,869476,2.7647,16,2026-07-31
65,DEEPAKFERT.NS,Deepak Fertilisers & Petrochemicals Corp. Ltd.,Chemicals,1552.8,1.33,1138816,413377,2.7549,16,2026-07-31
66,KAYNES.NS,Kaynes Technology India Ltd.,Capital Goods,3804.6,5.06,3266934,1194431,2.7351,16,2026-07-31
67,RAINBOW.NS,Rainbow Childrens Medicare Ltd.,Healthcare,1525.4,0.32,179706,66778,2.6911,16,2026-07-31
68,MGL.NS,Mahanagar Gas Ltd.,Oil Gas & Consumable Fuels,1120.5,0.18,821296,306748,2.6774,16,2026-07-31
69,LINDEINDIA.NS,Linde India Ltd.,Chemicals,6745.0,1.63,55674,21082,2.6408,16,2026-07-31
70,ALIVUS.NS,Alivus Life Sciences Ltd.,Healthcare,1160.0,5.87,237234,90115,2.6326,16,2026-07-31
71,M&M.NS,Mahindra & Mahindra Ltd.,Automobile and Auto Components,3398.5,3.5,6129983,2342295,2.6171,16,2026-07-31
72,AVALON.NS,Avalon Technologies Ltd.,Capital Goods,1807.9,2.75,731607,284397,2.5725,16,2026-07-31
73,SCHAEFFLER.NS,Schaeffler India Ltd.,Automobile and Auto Components,4079.2,0.97,186295,73285,2.5421,16,2026-07-31
74,RAILTEL.NS,Railtel Corporation Of India Ltd.,Telecommunication,284.5,-3.31,1262565,496668,2.5421,16,2026-07-31
75,VARROC.NS,Varroc Engineering Ltd.,Automobile and Auto Components,679.2,2.2,284514,111938,2.5417,16,2026-07-31
76,APLAPOLLO.NS,APL Apollo Tubes Ltd.,Capital Goods,1819.5,-3.89,882618,351934,2.5079,16,2026-07-31
77,HINDCOPPER.NS,Hindustan Copper Ltd.,Metals & Mining,491.6,2.36,7338181,2931405,2.5033,16,2026-07-31
78,PCBL.NS,PCBL Chemical Ltd.,Chemicals,317.9,-3.08,9186840,3720215,2.4694,16,2026-07-31
79,APOLLOTYRE.NS,Apollo Tyres Ltd.,Automobile and Auto Components,428.15,1.17,1442714,587651,2.4551,16,2026-07-31
80,MAHSCOOTER.NS,Maharashtra Scooters Ltd.,Financial Services,13009.0,5.45,9662,3938,2.4535,16,2026-07-31
81,BELRISE.NS,Belrise Industries Ltd.,Automobile and Auto Components,236.73,1.69,9505308,3896968,2.4392,16,2026-07-31
82,ACUTAAS.NS,Acutaas Chemicals Ltd.,Healthcare,3104.9,-3.99,904164,376622,2.4007,16,2026-07-31
83,ABREL.NS,Aditya Birla Real Estate Ltd.,Forest Materials,1418.1,2.9,267420,112299,2.3813,16,2026-07-31
84,TDPOWERSYS.NS,TD Power Systems Ltd.,Capital Goods,1131.0,6.98,2306274,995582,2.3165,16,2026-07-31
85,ADANIPORTS.NS,Adani Ports and Special Economic Zone Ltd.,Services,1696.5,1.95,4703529,2032331,2.3144,16,2026-07-31
86,GMMPFAUDLR.NS,GMM Pfaudler Ltd.,Capital Goods,864.4,6.15,210497,91405,2.3029,16,2026-07-31
87,MMTC.NS,MMTC Ltd.,Services,62.66,4.28,3111347,1369508,2.2719,16,2026-07-31
88,MEDANTA.NS,Global Health Ltd.,Healthcare,1405.6,-0.76,467227,205736,2.271,16,2026-07-31
89,RTNPOWER.NS,RattanIndia Power Ltd.,Power,8.71,3.81,23376011,10395900,2.2486,16,2026-07-31
90,LUMAXTECH.NS,Lumax Auto Technologies Ltd.,Automobile and Auto Components,1568.3,3.42,246792,111060,2.2222,16,2026-07-31
91,BLUEJET.NS,Blue Jet Healthcare Ltd.,Healthcare,626.25,2.25,2120722,963242,2.2017,16,2026-07-31
92,AIAENG.NS,AIA Engineering Ltd.,Capital Goods,4591.0,0.6,131078,59591,2.1996,16,2026-07-31
93,PERSISTENT.NS,Persistent Systems Ltd.,Information Technology,5549.0,0.62,1471197,669174,2.1985,16,2026-07-31
94,POONAWALLA.NS,Poonawalla Fincorp Ltd.,Financial Services,463.55,-2.8,2691549,1225192,2.1968,16,2026-07-31
95,TVSMOTOR.NS,TVS Motor Company Ltd.,Automobile and Auto Components,4313.1,2.49,2991555,1381681,2.1652,16,2026-07-31
96,TEAMLEASE.NS,Teamlease Services Ltd.,Services,1234.9,-2.46,101358,46957,2.1585,16,2026-07-31
97,CHOLAHLDNG.NS,Cholamandalam Financial Holdings Ltd.,Financial Services,1534.2,2.05,468590,217657,2.1529,16,2026-07-31
98,CHAMBLFERT.NS,Chambal Fertilizers & Chemicals Ltd.,Chemicals,438.9,-1.56,856407,398277,2.1503,16,2026-07-31
99,CMSINFO.NS,CMS Info Systems Ltd.,Services,263.7,-1.79,1253013,583933,2.1458,16,2026-07-31
100,IGIL.NS,International Gemmological Institute (India) Ltd.,Services,353.45,2.32,1416682,663174,2.1362,16,2026-07-31
101,BAJAJHFL.NS,Bajaj Housing Finance Ltd.,Financial Services,86.02,-0.58,6269285,2951537,2.1241,16,2026-07-31
102,KSCL.NS,Kaveri Seed Company Ltd.,Fast Moving Consumer Goods,782.45,-1.91,111953,53286,2.101,16,2026-07-31
103,SUNPHARMA.NS,Sun Pharmaceutical Industries Ltd.,Healthcare,1990.5,-0.53,4953631,2358169,2.1006,16,2026-07-31
104,SCI.NS,Shipping Corporation of India Ltd.,Services,291.45,4.67,3462597,1669211,2.0744,16,2026-07-31
105,KPIGREEN.NS,KPI Green Energy Ltd.,Power,373.75,-2.61,886537,428915,2.0669,16,2026-07-31
106,CHOLAFIN.NS,Cholamandalam Investment and Finance Company Ltd.,Financial Services,1849.9,4.29,2944366,1434724,2.0522,16,2026-07-31
107,NEULANDLAB.NS,Neuland Laboratories Ltd.,Healthcare,19043.0,-0.83,53991,26414,2.044,16,2026-07-31
108,INDUSTOWER.NS,Indus Towers Ltd.,Telecommunication,391.1,-0.46,8164282,4056886,2.0125,16,2026-07-31
109,KIRLOSENG.NS,Kirloskar Oil Eng Ltd.,Capital Goods,2189.8,2.88,764065,381028,2.0053,16,2026-07-31
110,TIINDIA.NS,Tube Investments of India Ltd.,Automobile and Auto Components,2753.0,2.39,485722,242268,2.0049,16,2026-07-31
111,JIOFIN.NS,Jio Financial Services Ltd.,Financial Services,256.46,3.85,42826329,21542923,1.988,16,2026-07-31
112,VGUARD.NS,V-Guard Industries Ltd.,Consumer Durables,314.5,-0.21,5009279,2538845,1.9731,16,2026-07-31
113,IRB.NS,IRB Infrastructure Developers Ltd.,Construction,20.0,-1.23,23467043,11933259,1.9665,16,2026-07-31
114,INDIGOPNTS.NS,Indigo Paints Ltd.,Consumer Durables,1111.8,2.86,103387,52585,1.9661,16,2026-07-31
115,PFC.NS,Power Finance Corporation Ltd.,Financial Services,424.35,0.49,10381576,5351578,1.9399,16,2026-07-31
116,SWIGGY.NS,Swiggy Ltd.,Consumer Services,284.86,-3.73,46811918,24697196,1.8954,16,2026-07-31
117,AJANTPHARM.NS,Ajanta Pharmaceuticals Ltd.,Healthcare,3465.2,0.84,211244,112089,1.8846,16,2026-07-31
118,ARE&M.NS,Amara Raja Energy & Mobility Ltd.,Automobile and Auto Components,910.45,0.4,1593989,852968,1.8688,16,2026-07-31
119,EMCURE.NS,Emcure Pharmaceuticals Ltd.,Healthcare,1960.1,2.57,267230,143459,1.8628,16,2026-07-31
120,BRITANNIA.NS,Britannia Industries Ltd.,Fast Moving Consumer Goods,5416.5,-0.32,428284,230649,1.8569,16,2026-07-31
121,MUTHOOTFIN.NS,Muthoot Finance Ltd.,Financial Services,3119.6,3.69,1284713,695606,1.8469,16,2026-07-31
122,CHOICEIN.NS,Choice International Ltd.,Financial Services,822.95,3.04,1387924,753473,1.842,16,2026-07-31
123,IKS.NS,Inventurus Knowledge Solutions Ltd.,Information Technology,1848.9,3.74,212866,116481,1.8275,16,2026-07-31
124,KEI.NS,KEI Industries Ltd.,Capital Goods,4999.0,4.16,481371,264470,1.8201,16,2026-07-31
125,VTL.NS,Vardhman Textiles Ltd.,Textiles,585.8,-2.71,577631,323661,1.7847,16,2026-07-31
126,ACI.NS,Archean Chemical Industries Ltd.,Chemicals,525.65,-6.33,766477,429979,1.7826,16,2026-07-31
127,GANECOS.NS,Ganesha Ecosphere Ltd.,Textiles,1183.8,-1.76,291711,164240,1.7761,16,2026-07-31
128,DATAPATTNS.NS,Data Patterns (India) Ltd.,Capital Goods,4281.0,-4.06,1920842,1107532,1.7343,16,2026-07-31
129,PARAS.NS,Paras Defence and Space Technologies Ltd.,Capital Goods,1256.5,3.64,1668367,968436,1.7227,16,2026-07-31
130,SIEMENS.NS,Siemens Ltd.,Capital Goods,3760.0,2.77,565248,329812,1.7138,16,2026-07-31
131,FORCEMOT.NS,Force Motors Ltd.,Automobile and Auto Components,17902.0,1.61,158179,92379,1.7123,16,2026-07-31
132,TECHNOE.NS,Techno Electric & Engineering Company Ltd.,Construction,980.3,1.35,196607,114896,1.7112,16,2026-07-31
133,MOTHERSON.NS,Samvardhana Motherson International Ltd.,Automobile and Auto Components,150.75,2.75,23479427,13781735,1.7037,16,2026-07-31
134,KSB.NS,KSB Ltd.,Capital Goods,855.9,0.99,135867,79915,1.7001,16,2026-07-31
135,GAEL.NS,Gujarat Ambuja Exports Ltd.,Fast Moving Consumer Goods,172.11,-0.28,3374837,1987780,1.6978,16,2026-07-31
136,SYNGENE.NS,Syngene International Ltd.,Healthcare,385.9,-3.33,3061468,1804880,1.6962,16,2026-07-31
137,SWANCORP.NS,Swan Corp Ltd.,Chemicals,307.8,0.38,1054705,623212,1.6924,16,2026-07-31
138,GLAXO.NS,Glaxosmithkline Pharmaceuticals Ltd.,Healthcare,2655.4,1.71,118464,70284,1.6855,16,2026-07-31
139,CGCL.NS,Capri Global Capital Ltd.,Financial Services,232.38,5.24,6853292,4069611,1.684,16,2026-07-31
140,CEIGALL.NS,Ceigall India Ltd.,Construction,342.75,2.41,429738,255777,1.6801,16,2026-07-31
141,IRFC.NS,Indian Railway Finance Corporation Ltd.,Financial Services,89.15,0.26,12044242,7199246,1.673,16,2026-07-31
142,NAVINFLUOR.NS,Navin Fluorine International Ltd.,Chemicals,7567.5,2.45,194108,116617,1.6645,16,2026-07-31
143,JYOTHYLAB.NS,Jyothy Labs Ltd.,Fast Moving Consumer Goods,198.85,-1.95,727185,437255,1.6631,16,2026-07-31
144,TATASTEEL.NS,Tata Steel Ltd.,Metals & Mining,189.69,1.48,34243596,20589863,1.6631,16,2026-07-31
145,CGPOWER.NS,CG Power and Industrial Solutions Ltd.,Capital Goods,863.4,3.7,6862980,4138199,1.6584,16,2026-07-31
146,RELIGARE.NS,Religare Enterprises Ltd.,Financial Services,253.15,0.3,1009198,612359,1.648,16,2026-07-31
147,PNBHOUSING.NS,PNB Housing Finance Ltd.,Financial Services,1053.1,2.73,1118030,682601,1.6379,16,2026-07-31
148,KPIL.NS,Kalpataru Projects International Ltd.,Construction,1289.6,0.54,201115,123653,1.6264,16,2026-07-31
149,3MINDIA.NS,3M India Ltd.,Diversified,34615.0,-0.93,6327,3931,1.6095,16,2026-07-31
150,JAIBALAJI.NS,Jai Balaji Industries Ltd.,Metals & Mining,57.71,-2.12,517254,325468,1.5893,16,2026-07-31
151,KRBL.NS,KRBL Ltd.,Fast Moving Consumer Goods,351.1,0.13,422481,267008,1.5823,16,2026-07-31
152,ARVIND.NS,Arvind Ltd.,Textiles,513.2,1.29,570280,360924,1.5801,16,2026-07-31
153,SAPPHIRE.NS,Sapphire Foods India Ltd.,Consumer Services,185.11,-5.19,2310613,1473370,1.5683,16,2026-07-31
154,JBMA.NS,JBM Auto Ltd.,Automobile and Auto Components,658.35,-2.96,538273,343427,1.5674,16,2026-07-31
155,GODREJCP.NS,Godrej Consumer Products Ltd.,Fast Moving Consumer Goods,1070.4,-0.16,674622,433491,1.5563,16,2026-07-31
156,MANAPPURAM.NS,Manappuram Finance Ltd.,Financial Services,371.85,0.95,6553842,4218066,1.5538,16,2026-07-31
157,TRANSRAILL.NS,Transrail Lighting Ltd.,Capital Goods,502.95,2.82,378768,246346,1.5375,16,2026-07-31
158,DIVISLAB.NS,Divi's Laboratories Ltd.,Healthcare,8056.0,2.82,793781,517721,1.5332,16,2026-07-31
159,MARICO.NS,Marico Ltd.,Fast Moving Consumer Goods,870.65,-1.66,2540345,1662290,1.5282,16,2026-07-31
160,BAJAJHLDNG.NS,Bajaj Holdings & Investment Ltd.,Financial Services,11343.0,3.4,89956,59483,1.5123,16,2026-07-31
161,JUBLPHARMA.NS,Jubilant Pharmova Ltd.,Healthcare,935.15,-2.76,223391,149359,1.4957,16,2026-07-31
162,TIMKEN.NS,Timken India Ltd.,Capital Goods,3145.4,1.63,82305,55026,1.4957,16,2026-07-31
163,GVT&D.NS,GE Vernova T&D India Ltd.,Capital Goods,4323.3,2.88,1412581,947120,1.4914,16,2026-07-31
164,TORNTPHARM.NS,Torrent Pharmaceuticals Ltd.,Healthcare,5122.8,5.15,1427803,957738,1.4908,16,2026-07-31
165,KTKBANK.NS,Karnataka Bank Ltd.,Financial Services,284.75,-2.06,4082111,2745276,1.487,16,2026-07-31
166,BEL.NS,Bharat Electronics Ltd.,Capital Goods,387.85,0.77,17107660,11707891,1.4612,16,2026-07-31
167,AVANTIFEED.NS,Avanti Feeds Ltd.,Fast Moving Consumer Goods,899.6,-3.34,872524,598163,1.4587,16,2026-07-31
168,ADVENZYMES.NS,Advanced Enzyme Tech Ltd.,Healthcare,315.1,2.91,234018,161285,1.451,16,2026-07-31
169,COCHINSHIP.NS,Cochin Shipyard Ltd.,Capital Goods,1423.0,1.49,1195646,825718,1.448,16,2026-07-31
170,EPL.NS,EPL Ltd.,Capital Goods,222.42,-3.6,503112,349519,1.4394,16,2026-07-31
171,HINDZINC.NS,Hindustan Zinc Ltd.,Metals & Mining,539.2,0.62,4196346,2947104,1.4239,16,2026-07-31
172,OSWALPUMPS.NS,Oswal Pumps Ltd.,Capital Goods,329.15,-1.45,820453,577900,1.4197,16,2026-07-31
173,CARBORUNIV.NS,Carborundum Universal Ltd.,Capital Goods,1063.8,1.46,196511,138656,1.4173,16,2026-07-31
174,TITAN.NS,Titan Company Ltd.,Consumer Durables,4875.2,0.52,1003286,709966,1.4131,16,2026-07-31
175,APARINDS.NS,Apar Industries Ltd.,Capital Goods,14348.0,4.39,181354,128861,1.4074,16,2026-07-31
176,FDC.NS,FDC Ltd.,Healthcare,409.8,0.58,137556,97804,1.4064,16,2026-07-31
177,CRAFTSMAN.NS,Craftsman Automation Ltd.,Automobile and Auto Components,9873.5,-1.73,103535,73636,1.406,16,2026-07-31
178,ENRIN.NS,Siemens Energy India Ltd.,Capital Goods,3230.8,3.49,536023,381899,1.4036,16,2026-07-31
179,TEGA.NS,Tega Industries Ltd.,Capital Goods,1485.5,0.55,106116,75650,1.4027,16,2026-07-31
180,CUB.NS,City Union Bank Ltd.,Financial Services,206.5,-3.27,5320302,3799427,1.4003,16,2026-07-31
181,POLYMED.NS,Poly Medicure Ltd.,Healthcare,1702.0,2.09,111907,80067,1.3977,16,2026-07-31
182,INOXWIND.NS,Inox Wind Ltd.,Capital Goods,78.14,4.21,16410629,11761613,1.3953,16,2026-07-31
183,VIJAYA.NS,Vijaya Diagnostic Centre Ltd.,Healthcare,1344.4,-1.16,252851,181328,1.3944,16,2026-07-31
184,MINDACORP.NS,Minda Corporation Ltd.,Automobile and Auto Components,700.95,-0.84,301245,216236,1.3931,16,2026-07-31
185,POWERINDIA.NS,Hitachi Energy India Ltd.,Capital Goods,32175.0,2.96,166105,119801,1.3865,16,2026-07-31
186,GULFOILLUB.NS,Gulf Oil Lubricants India Ltd.,Oil Gas & Consumable Fuels,1069.3,1.42,91039,65874,1.382,16,2026-07-31
187,HOMEFIRST.NS,Home First Finance Company India Ltd.,Financial Services,1189.0,0.07,290238,210978,1.3757,16,2026-07-31
188,PREMIERENE.NS,Premier Energies Ltd.,Capital Goods,1022.2,4.02,1706689,1243418,1.3726,16,2026-07-31
189,LLOYDSME.NS,Lloyds Metals And Energy Ltd.,Metals & Mining,2047.0,1.58,874076,638030,1.37,16,2026-07-31
190,VEDL.NS,Vedanta Ltd.,Metals & Mining,264.25,-1.21,15443844,11298316,1.3669,16,2026-07-31
191,GATEWAY.NS,Gateway Distriparks Ltd.,Services,57.97,0.19,963606,705510,1.3658,16,2026-07-31
192,NH.NS,Narayana Hrudayalaya Ltd.,Healthcare,2029.2,-2.46,265372,194667,1.3632,16,2026-07-31
193,IMAGICAA.NS,Imagicaaworld Entertainment Ltd.,Consumer Services,46.99,3.3,813532,597281,1.3621,16,2026-07-31
194,AUBANK.NS,AU Small Finance Bank Ltd.,Financial Services,1047.3,1.71,2215770,1632303,1.3575,16,2026-07-31
195,TTML.NS,Tata Teleservices (Maharashtra) Ltd.,Telecommunication,39.95,0.96,3370446,2484928,1.3564,16,2026-07-31
196,DABUR.NS,Dabur India Ltd.,Fast Moving Consumer Goods,421.45,-1.09,2509782,1855263,1.3528,16,2026-07-31
197,MARUTI.NS,Maruti Suzuki India Ltd.,Automobile and Auto Components,14234.0,0.32,535409,398247,1.3444,16,2026-07-31
198,CCAVENUE.NS,AvenuesAI Ltd.,Financial Services,15.85,-0.81,17069519,12747693,1.339,16,2026-07-31
199,BRIGADE.NS,Brigade Enterprises Ltd.,Realty,580.2,2.67,678588,510699,1.3287,16,2026-07-31
200,SHARDACROP.NS,Sharda Cropchem Ltd.,Chemicals,819.75,-0.03,247282,186451,1.3263,16,2026-07-31
201,PNCINFRA.NS,PNC Infratech Ltd.,Construction,246.12,2.71,629348,474826,1.3254,16,2026-07-31
202,IDEA.NS,Vodafone Idea Ltd.,Telecommunication,13.01,1.09,387202866,293617881,1.3187,16,2026-07-31
203,ZYDUSWELL.NS,Zydus Wellness Ltd.,Fast Moving Consumer Goods,577.55,2.04,460521,350099,1.3154,16,2026-07-31
204,ERIS.NS,Eris Lifesciences Ltd.,Healthcare,1354.7,-1.49,145658,111446,1.307,16,2026-07-31
205,INDIAMART.NS,Indiamart Intermesh Ltd.,Consumer Services,1799.8,3.25,207526,158845,1.3065,16,2026-07-31
206,BHARTIHEXA.NS,Bharti Hexacom Ltd.,Telecommunication,1607.5,-1.74,185872,142813,1.3015,16,2026-07-31
207,GRSE.NS,Garden Reach Shipbuilders & Engineers Ltd.,Capital Goods,2601.2,0.58,441248,339531,1.2996,16,2026-07-31
208,ONESOURCE.NS,Onesource Specialty Pharma Ltd.,Healthcare,1619.7,-4.06,430216,331999,1.2958,16,2026-07-31
209,BBL.NS,Bharat Bijlee Ltd.,Capital Goods,2524.4,1.15,35940,27768,1.2943,16,2026-07-31
210,FINPIPE.NS,Finolex Industries Ltd.,Capital Goods,162.37,-0.33,531164,410869,1.2928,16,2026-07-31
211,JKTYRE.NS,JK Tyre & Industries Ltd.,Automobile and Auto Components,399.75,0.63,1145088,885822,1.2927,16,2026-07-31
212,WAAREEENER.NS,Waaree Energies Ltd.,Capital Goods,2680.2,2.11,1315915,1019982,1.2901,16,2026-07-31
213,EICHERMOT.NS,Eicher Motors Ltd.,Automobile and Auto Components,7833.5,0.04,720531,560999,1.2844,16,2026-07-31
214,HFCL.NS,HFCL Ltd.,Telecommunication,193.92,5.0,33042791,25748321,1.2833,16,2026-07-31
215,MAXHEALTH.NS,Max Healthcare Institute Ltd.,Healthcare,1098.5,-2.34,2055027,1601734,1.283,16,2026-07-31
216,ANANTRAJ.NS,Anant Raj Ltd.,Realty,624.5,2.61,4084158,3189011,1.2807,16,2026-07-31
217,DELHIVERY.NS,Delhivery Ltd.,Services,481.95,2.91,5760755,4507806,1.278,16,2026-07-31
218,INDUSINDBK.NS,IndusInd Bank Ltd.,Financial Services,1012.45,0.1,2922820,2308731,1.266,16,2026-07-31
219,HINDALCO.NS,Hindalco Industries Ltd.,Metals & Mining,974.45,0.42,5578955,4412445,1.2644,16,2026-07-31
220,SANOFI.NS,Sanofi India Ltd.,Healthcare,3318.0,-1.43,37783,29924,1.2626,16,2026-07-31
221,GRAVITA.NS,Gravita India Ltd.,Metals & Mining,1616.4,2.43,367120,291915,1.2576,16,2026-07-31
222,VOLTAS.NS,Voltas Ltd.,Consumer Durables,1328.9,-0.32,748015,595296,1.2565,16,2026-07-31
223,BHARATFORG.NS,Bharat Forge Ltd.,Automobile and Auto Components,2199.8,1.62,952011,760381,1.252,16,2026-07-31
224,FSL.NS,Firstsource Solutions Ltd.,Services,302.12,0.83,6317976,5071520,1.2458,16,2026-07-31
225,BSE.NS,BSE Ltd.,Financial Services,3646.2,3.28,2752821,2217246,1.2415,16,2026-07-31
226,ASHOKA.NS,Ashoka Buildcon Ltd.,Construction,121.09,-1.74,688170,554644,1.2407,16,2026-07-31
227,GESHIP.NS,Great Eastern Shipping Co. Ltd.,Services,1350.4,-1.52,491985,400256,1.2292,16,2026-07-31
228,LUPIN.NS,Lupin Ltd.,Healthcare,2415.0,-0.26,1006277,818698,1.2291,16,2026-07-31
229,JUBLFOOD.NS,Jubilant Foodworks Ltd.,Consumer Services,438.25,-0.35,2001339,1629016,1.2286,16,2026-07-31
230,NAVA.NS,Nava Ltd.,Power,553.45,0.05,268918,219238,1.2266,16,2026-07-31
231,FINEORG.NS,Fine Organic Industries Ltd.,Chemicals,4816.5,-1.02,10309,8452,1.2197,16,2026-07-31
232,EIDPARRY.NS,E.I.D. Parry (India) Ltd.,Fast Moving Consumer Goods,760.05,-0.41,300762,247045,1.2174,16,2026-07-31
233,SKIPPER.NS,Skipper Ltd.,Capital Goods,527.75,0.12,669832,552039,1.2134,16,2026-07-31
234,HONAUT.NS,Honeywell Automation India Ltd.,Capital Goods,38155.0,-3.42,10140,8410,1.2057,16,2026-07-31
235,MSUMI.NS,Motherson Sumi Wiring India Ltd.,Automobile and Auto Components,40.61,-1.07,8770259,7281154,1.2045,16,2026-07-31
236,ABLBL.NS,Aditya Birla Lifestyle Brands Ltd.,Consumer Services,94.67,0.23,848845,705533,1.2031,16,2026-07-31
237,VMM.NS,Vishal Mega Mart Ltd.,Consumer Services,107.1,-0.73,12785212,10851787,1.1782,16,2026-07-31
238,NYKAA.NS,FSN E-Commerce Ventures Ltd.,Consumer Services,333.4,-0.1,6380657,5424000,1.1764,16,2026-07-31
239,PRUDENT.NS,Prudent Corporate Advisory Services Ltd.,Financial Services,3292.0,2.19,50525,42958,1.1761,16,2026-07-31
240,ULTRACEMCO.NS,UltraTech Cement Ltd.,Construction Materials,11903.0,0.47,390462,332915,1.1729,16,2026-07-31
241,INDHOTEL.NS,Indian Hotels Co. Ltd.,Consumer Services,738.55,-1.43,2771521,2371311,1.1688,16,2026-07-31
242,NATIONALUM.NS,National Aluminium Co. Ltd.,Metals & Mining,350.05,0.69,7184741,6149674,1.1683,16,2026-07-31
243,HAL.NS,Hindustan Aeronautics Ltd.,Capital Goods,4646.5,1.42,747534,640435,1.1672,16,2026-07-31
244,HCC.NS,Hindustan Construction Co. Ltd.,Construction,21.44,2.39,22198436,19132545,1.1602,16,2026-07-31
245,SARDAEN.NS,Sarda Energy and Minerals Ltd.,Metals & Mining,516.6,0.94,263896,229390,1.1504,16,2026-07-31
246,CCL.NS,CCL Products (I) Ltd.,Fast Moving Consumer Goods,1155.3,-1.59,197342,172067,1.1469,16,2026-07-31
247,MRF.NS,MRF Ltd.,Automobile and Auto Components,132770.0,-1.55,5459,4761,1.1466,16,2026-07-31
248,TECHM.NS,Tech Mahindra Ltd.,Information Technology,1651.3,-1.06,3355603,2928889,1.1457,16,2026-07-31
249,SAGILITY.NS,Sagility Ltd.,Information Technology,43.4,-5.61,39485932,34504279,1.1444,16,2026-07-31
250,AARTIPHARM.NS,Aarti Pharmalabs Ltd.,Healthcare,667.15,-1.06,155910,136619,1.1412,16,2026-07-31
251,COROMANDEL.NS,Coromandel International Ltd.,Chemicals,2073.6,0.94,158074,138594,1.1406,16,2026-07-31
252,ASAHIINDIA.NS,Asahi India Glass Ltd.,Automobile and Auto Components,876.55,0.83,116454,102259,1.1388,16,2026-07-31
253,HINDPETRO.NS,Hindustan Petroleum Corporation Ltd.,Oil Gas & Consumable Fuels,389.75,0.33,7761179,6826801,1.1369,16,2026-07-31
254,TORNTPOWER.NS,Torrent Power Ltd.,Power,1413.3,-0.72,394440,348068,1.1332,16,2026-07-31
255,GNFC.NS,Gujarat Narmada Valley Fertilizers and Chemicals Ltd.,Chemicals,510.3,-3.18,333840,294773,1.1325,16,2026-07-31
256,METROPOLIS.NS,Metropolis Healthcare Ltd.,Healthcare,582.45,-0.47,324208,287611,1.1272,16,2026-07-31
257,SHRIRAMFIN.NS,Shriram Finance Ltd.,Financial Services,1046.7,1.9,6316695,5618195,1.1243,16,2026-07-31
258,ITC.NS,ITC Ltd.,Fast Moving Consumer Goods,281.0,-1.42,16821515,14976615,1.1232,16,2026-07-31
259,WOCKPHARMA.NS,Wockhardt Ltd.,Healthcare,1959.7,2.93,649403,580208,1.1193,16,2026-07-31
260,FINCABLES.NS,Finolex Cables Ltd.,Capital Goods,987.6,1.5,224214,200350,1.1191,16,2026-07-31
261,ENDURANCE.NS,Endurance Technologies Ltd.,Automobile and Auto Components,2758.3,-1.24,165153,147668,1.1184,16,2026-07-31
262,BHARTIARTL.NS,Bharti Airtel Ltd.,Telecommunication,1972.0,0.78,6528923,5851102,1.1158,16,2026-07-31
263,ANUP.NS,The Anup Engineering Ltd.,Capital Goods,2172.9,0.84,20052,17973,1.1157,16,2026-07-31
264,SBIN.NS,State Bank of India,Financial Services,1027.4,0.2,10920498,9851271,1.1085,16,2026-07-31
265,SYRMA.NS,Syrma SGS Technology Ltd.,Capital Goods,1366.8,-0.8,1567072,1415083,1.1074,16,2026-07-31
266,SAIL.NS,Steel Authority of India Ltd.,Metals & Mining,169.03,-0.01,15516602,14020207,1.1067,16,2026-07-31
267,HEROMOTOCO.NS,Hero MotoCorp Ltd.,Automobile and Auto Components,5386.0,1.15,769240,701806,1.0961,16,2026-07-31
268,OPTIEMUS.NS,Optiemus Infracom Ltd.,Telecommunication,637.65,3.04,282051,258407,1.0915,16,2026-07-31
269,KANSAINER.NS,Kansai Nerolac Paints Ltd.,Consumer Durables,196.74,-1.16,233723,214381,1.0902,16,2026-07-31
270,LAURUSLABS.NS,Laurus Labs Ltd.,Healthcare,1816.2,1.96,2502212,2303283,1.0864,16,2026-07-31
271,GUJGASLTD.NS,Gujarat Gas Ltd.,Oil Gas & Consumable Fuels,275.25,0.81,916556,845440,1.0841,10,2026-07-30
272,VESUVIUS.NS,Vesuvius India Ltd.,Capital Goods,443.75,-0.66,76068,70186,1.0838,16,2026-07-31
273,APOLLOHOSP.NS,Apollo Hospitals Enterprise Ltd.,Healthcare,8957.0,-0.34,268253,247590,1.0835,16,2026-07-31
274,IRCTC.NS,Indian Railway Catering And Tourism Corporation Ltd.,Consumer Services,489.8,-0.68,901534,838594,1.0751,16,2026-07-31
275,LODHA.NS,Lodha Developers Ltd.,Realty,1243.95,-3.36,3593691,3359182,1.0698,16,2026-07-31
276,CREDITACC.NS,CreditAccess Grameen Ltd.,Financial Services,1592.8,-1.31,551890,516262,1.069,16,2026-07-31
277,TMPV.NS,Tata Motors Passenger Vehicles Ltd.,Automobile and Auto Components,339.75,1.66,8523128,7987073,1.0671,16,2026-07-31
278,LEMONTREE.NS,Lemon Tree Hotels Ltd.,Consumer Services,109.3,0.09,2716697,2549347,1.0656,16,2026-07-31
279,GHCL.NS,GHCL Ltd.,Chemicals,438.1,-0.44,141425,132869,1.0644,16,2026-07-31
280,RITES.NS,RITES Ltd.,Construction,214.09,-1.72,688532,647071,1.0641,16,2026-07-31
281,BLS.NS,BLS International Services Ltd.,Consumer Services,239.4,0.27,1116997,1051409,1.0624,16,2026-07-31
282,UNOMINDA.NS,UNO Minda Ltd.,Automobile and Auto Components,1180.5,0.66,776389,731344,1.0616,16,2026-07-31
283,SUNFLAG.NS,Sunflag Iron & Steel Company Ltd.,Capital Goods,365.3,2.1,198878,187815,1.0589,16,2026-07-31
284,SAMHI.NS,Samhi Hotels Ltd.,Consumer Services,179.84,-3.35,906617,857101,1.0578,16,2026-07-31
285,WIPRO.NS,Wipro Ltd.,Information Technology,183.65,-1.44,18757644,17742865,1.0572,16,2026-07-31
286,JYOTICNC.NS,Jyoti CNC Automation Ltd.,Capital Goods,808.65,-0.5,760797,722694,1.0527,16,2026-07-31
287,BEML.NS,BEML Ltd.,Capital Goods,1750.4,-0.34,174328,166184,1.049,16,2026-07-31
288,BAJAJELEC.NS,Bajaj Electricals Ltd,Consumer Durables,332.9,1.11,96908,92944,1.0426,16,2026-07-31
289,NAUKRI.NS,Info Edge (India) Ltd.,Consumer Services,1226.25,-1.43,1990461,1912026,1.041,16,2026-07-31
290,DIXON.NS,Dixon Technologies (India) Ltd.,Consumer Durables,14049.0,-2.02,634451,609586,1.0408,16,2026-07-31
291,TATACONSUM.NS,Tata Consumer Products Ltd.,Fast Moving Consumer Goods,1083.1,-1.01,1479132,1432851,1.0323,16,2026-07-31
292,ALKYLAMINE.NS,Alkyl Amines Chemicals Ltd.,Chemicals,1785.6,-0.09,74195,71933,1.0314,16,2026-07-31
293,NEOGEN.NS,NEOGEN CHEMICALS LTD.,Chemicals,2023.1,1.76,174805,170306,1.0264,16,2026-07-31
294,IREDA.NS,Indian Renewable Energy Development Agency Ltd.,Financial Services,119.59,-0.24,4003980,3903904,1.0256,16,2026-07-31
295,KPRMILL.NS,K.P.R. Mill Ltd.,Textiles,1049.8,1.6,320755,314336,1.0204,16,2026-07-31
296,GPIL.NS,Godawari Power & Ispat Ltd.,Capital Goods,242.4,-2.79,1392512,1373736,1.0137,16,2026-07-31
297,BERGEPAINT.NS,Berger Paints India Ltd.,Consumer Durables,520.45,-0.17,241118,238498,1.011,16,2026-07-31
298,ASKAUTOLTD.NS,ASK Automotive Ltd.,Automobile and Auto Components,528.05,4.33,306232,303520,1.0089,16,2026-07-31
299,ELECTCAST.NS,Electrosteel Castings Ltd.,Capital Goods,70.65,-0.25,910478,907122,1.0037,16,2026-07-31
300,EIHOTEL.NS,EIH Ltd.,Consumer Services,327.0,-1.07,161326,161155,1.0011,16,2026-07-31
301,BORORENEW.NS,Borosil Renewables Ltd.,Capital Goods,555.7,-1.09,735207,734514,1.0009,16,2026-07-31
302,SHILPAMED.NS,Shilpa Medicare Ltd.,Healthcare,611.25,1.38,486209,486974,0.9984,16,2026-07-31
303,STARHEALTH.NS,Star Health and Allied Insurance Company Ltd.,Financial Services,601.0,-1.54,604540,607390,0.9953,16,2026-07-31
304,GPPL.NS,Gujarat Pipavav Port Ltd.,Services,150.27,-0.23,1042263,1052536,0.9902,16,2026-07-31
305,KPITTECH.NS,KPIT Technologies Ltd.,Information Technology,598.4,1.47,6237305,6339351,0.9839,16,2026-07-31
306,BASF.NS,BASF India Ltd.,Chemicals,3633.8,-1.47,17329,17645,0.9821,16,2026-07-31
307,GRWRHITECH.NS,Garware Hi-Tech Films Ltd.,Capital Goods,7151.5,3.69,42555,43363,0.9814,16,2026-07-31
308,RVNL.NS,Rail Vikas Nigam Ltd.,Construction,225.48,1.17,4387522,4476622,0.9801,16,2026-07-31
309,TEJASNET.NS,Tejas Networks Ltd.,Telecommunication,513.0,1.16,2045111,2090611,0.9782,16,2026-07-31
310,IIFL.NS,IIFL Finance Ltd.,Financial Services,608.65,0.13,2476199,2541834,0.9742,16,2026-07-31
311,PRIVISCL.NS,Privi Speciality Chemicals Ltd.,Chemicals,3617.1,1.52,73373,75462,0.9723,16,2026-07-31
312,SUPRIYA.NS,Supriya Lifescience Ltd.,Healthcare,867.0,0.83,171378,177049,0.968,16,2026-07-31
313,BBTC.NS,Bombay Burmah Trading Corporation Ltd.,Fast Moving Consumer Goods,1497.1,0.25,20719,21443,0.9662,16,2026-07-31
314,CLEAN.NS,Clean Science and Technology Ltd.,Chemicals,734.05,0.69,213744,221350,0.9656,16,2026-07-31
315,EQUITASBNK.NS,Equitas Small Finance Bank Ltd.,Financial Services,75.21,3.62,4701753,4876239,0.9642,16,2026-07-31
316,SANDUMA.NS,Sandur Manganese & Iron Ores Ltd.,Oil Gas & Consumable Fuels,212.84,-0.49,820449,852835,0.962,16,2026-07-31
317,VINATIORGA.NS,Vinati Organics Ltd.,Chemicals,1304.6,0.63,47679,49601,0.9613,16,2026-07-31
318,EXIDEIND.NS,Exide Industries Ltd.,Automobile and Auto Components,449.8,-0.64,6654443,6940704,0.9588,16,2026-07-31
319,JKIL.NS,J.Kumar Infraprojects Ltd.,Construction,482.0,-0.75,72960,76145,0.9582,16,2026-07-31
320,NESTLEIND.NS,Nestle India Ltd.,Fast Moving Consumer Goods,1509.6,-0.73,2501756,2612825,0.9575,16,2026-07-31
321,JSWINFRA.NS,JSW Infrastructure Ltd.,Services,312.4,-2.08,3765552,3975893,0.9471,16,2026-07-31
322,TARIL.NS,Transformers And Rectifiers (India) Ltd.,Capital Goods,296.5,1.0,1725029,1824056,0.9457,16,2026-07-31
323,KRN.NS,KRN Heat Exchanger and Refrigeration Ltd.,Capital Goods,1174.4,1.54,78964,83558,0.945,16,2026-07-31
324,ETERNAL.NS,Eternal Ltd.,Consumer Services,302.45,-2.64,36757340,38912692,0.9446,16,2026-07-31
325,PARADEEP.NS,Paradeep Phosphates Ltd.,Chemicals,147.33,-3.94,14254205,15100991,0.9439,16,2026-07-31
326,NAM-INDIA.NS,Nippon Life India Asset Management Ltd.,Financial Services,1161.4,1.26,872088,925657,0.9421,16,2026-07-31
327,CROMPTON.NS,Crompton Greaves Consumer Electricals Ltd.,Consumer Durables,260.2,-0.04,2921965,3106883,0.9405,16,2026-07-31
328,TATACHEM.NS,Tata Chemicals Ltd.,Chemicals,673.55,0.48,334616,357236,0.9367,16,2026-07-31
329,PHOENIXLTD.NS,Phoenix Mills Ltd.,Realty,1893.3,0.29,720701,771051,0.9347,16,2026-07-31
330,JKCEMENT.NS,J.K. Cement Ltd.,Construction Materials,5444.0,-2.21,79898,85579,0.9336,16,2026-07-31
331,PRESTIGE.NS,Prestige Estates Projects Ltd.,Realty,1616.2,1.34,671042,724562,0.9261,16,2026-07-31
332,PAGEIND.NS,Page Industries Ltd.,Textiles,40375.0,-1.73,24934,26978,0.9242,16,2026-07-31
333,WEBELSOLAR.NS,Websol Energy System Ltd.,Capital Goods,96.69,1.81,1469536,1598272,0.9195,16,2026-07-31
334,OBEROIRLTY.NS,Oberoi Realty Ltd.,Realty,1827.7,0.73,337199,369990,0.9114,16,2026-07-31
335,CAMS.NS,Computer Age Management Services Ltd.,Financial Services,796.15,0.38,921496,1012197,0.9104,16,2026-07-31
336,WELSPUNLIV.NS,Welspun Living Ltd.,Textiles,155.94,-2.62,1446918,1591249,0.9093,16,2026-07-31
337,POWERGRID.NS,Power Grid Corporation of India Ltd.,Power,284.25,-0.51,7802668,8629663,0.9042,16,2026-07-31
338,ONGC.NS,Oil & Natural Gas Corporation Ltd.,Oil Gas & Consumable Fuels,242.53,0.39,10064584,11140740,0.9034,16,2026-07-31
339,PNGJL.NS,P N Gadgil Jewellers Ltd.,Consumer Durables,670.3,0.62,837689,930309,0.9004,16,2026-07-31
340,SURYAROSNI.NS,Surya Roshni Ltd.,Capital Goods,239.4,0.13,309358,343822,0.8998,16,2026-07-31
341,LMW.NS,LMW Ltd.,Capital Goods,16152.0,-0.55,4723,5254,0.8989,16,2026-07-31
342,MANORAMA.NS,Manorama Industries Ltd.,Fast Moving Consumer Goods,1604.5,-1.88,108380,120685,0.898,16,2026-07-31
343,GMRAIRPORT.NS,GMR Airports Ltd.,Services,105.26,1.3,13437300,14965564,0.8979,16,2026-07-31
344,HDFCBANK.NS,HDFC Bank Ltd.,Financial Services,748.15,-0.77,25512663,28431879,0.8973,16,2026-07-31
345,SHARDAMOTR.NS,Sharda Motor Industries Ltd.,Automobile and Auto Components,871.3,1.84,45626,50943,0.8956,16,2026-07-31
346,KNRCON.NS,KNR Constructions Ltd.,Construction,121.85,1.41,465424,522564,0.8907,16,2026-07-31
347,INFY.NS,Infosys Ltd.,Information Technology,1130.1,-2.16,14365562,16166508,0.8886,16,2026-07-31
348,LT.NS,Larsen & Toubro Ltd.,Construction,3938.9,0.03,1753314,1973839,0.8883,16,2026-07-31
349,NATCOPHARM.NS,NATCO Pharma Ltd.,Healthcare,917.0,-1.38,325800,367475,0.8866,16,2026-07-31
350,CUMMINSIND.NS,Cummins India Ltd.,Capital Goods,5519.0,2.28,357834,403714,0.8864,16,2026-07-31
351,OLAELEC.NS,Ola Electric Mobility Ltd.,Automobile and Auto Components,38.66,2.33,38935700,43992825,0.885,16,2026-07-31
352,VBL.NS,Varun Beverages Ltd.,Fast Moving Consumer Goods,442.3,-1.9,7985872,9027636,0.8846,16,2026-07-31
353,MASTEK.NS,Mastek Ltd.,Information Technology,1874.8,-2.87,137330,155489,0.8832,16,2026-07-31
354,JAMNAAUTO.NS,Jamna Auto Industries Ltd.,Automobile and Auto Components,131.18,0.66,1166910,1324964,0.8807,16,2026-07-31
355,SANSERA.NS,Sansera Engineering Ltd.,Automobile and Auto Components,3346.9,3.45,209423,238077,0.8796,16,2026-07-31
356,NTPC.NS,NTPC Ltd.,Power,347.25,0.7,8518194,9703273,0.8779,16,2026-07-31
357,AARTIDRUGS.NS,Aarti Drugs Ltd.,Healthcare,422.75,2.41,186891,212999,0.8774,16,2026-07-31
358,PGEL.NS,PG Electroplast Ltd.,Consumer Durables,613.35,0.06,1849370,2110754,0.8762,16,2026-07-31
359,ASTERDM.NS,Aster DM Healthcare Ltd.,Healthcare,822.15,1.0,411481,470313,0.8749,16,2026-07-31
360,RCF.NS,Rashtriya Chemicals & Fertilizers Ltd.,Chemicals,127.4,1.48,720696,824173,0.8744,16,2026-07-31
361,TRITURBINE.NS,Triveni Turbine Ltd.,Capital Goods,601.7,-0.95,668348,764966,0.8737,16,2026-07-31
362,EMAMILTD.NS,Emami Ltd.,Fast Moving Consumer Goods,398.05,-1.31,483363,554025,0.8725,16,2026-07-31
363,SONACOMS.NS,Sona BLW Precision Forgings Ltd.,Automobile and Auto Components,769.4,0.74,2871540,3294839,0.8715,16,2026-07-31
364,GICRE.NS,General Insurance Corporation of India,Financial Services,356.6,-0.03,381622,438711,0.8699,16,2026-07-31
365,RPOWER.NS,Reliance Power Ltd.,Power,23.41,0.34,15614540,17965350,0.8691,16,2026-07-31
366,BOSCHLTD.NS,Bosch Ltd.,Automobile and Auto Components,41085.0,-1.12,18905,21781,0.868,16,2026-07-31
367,SKYGOLD.NS,SKY GOLD AND DIAMONDS Ltd.,Consumer Durables,643.7,0.85,853451,984214,0.8671,16,2026-07-31
368,UNIMECH.NS,Unimech Aerospace and Manufacturing Ltd.,Capital Goods,1235.9,5.33,118288,136799,0.8647,16,2026-07-31
369,VIPIND.NS,V.I.P. Industries Ltd.,Consumer Durables,298.95,0.96,114366,132665,0.8621,16,2026-07-31
370,RTNINDIA.NS,RattanIndia Enterprises Ltd.,Consumer Services,31.34,0.87,699010,816234,0.8564,16,2026-07-31
371,TI.NS,Tilaknagar Industries Ltd.,Fast Moving Consumer Goods,465.15,-0.42,469117,547778,0.8564,16,2026-07-31
372,STARCEMENT.NS,Star Cement Ltd.,Construction Materials,202.78,0.12,151571,178221,0.8505,16,2026-07-31
373,TATAINVEST.NS,Tata Investment Corporation Ltd.,Financial Services,679.45,0.12,204384,241101,0.8477,16,2026-07-31
374,COFORGE.NS,Coforge Ltd.,Information Technology,1721.0,-1.26,3380777,3989534,0.8474,16,2026-07-31
375,WESTLIFE.NS,Westlife Foodworld Ltd.,Consumer Services,507.1,4.14,263343,311630,0.8451,16,2026-07-31
376,UPL.NS,UPL Ltd.,Chemicals,604.3,0.29,1386217,1640564,0.845,16,2026-07-31
377,AXISBANK.NS,Axis Bank Ltd.,Financial Services,1229.5,0.05,7487814,8862183,0.8449,16,2026-07-31
378,PPLPHARMA.NS,Piramal Pharma Ltd.,Healthcare,195.61,-0.56,6596557,7841448,0.8412,16,2026-07-31
379,ZENTEC.NS,Zen Technologies Ltd.,Capital Goods,1624.2,0.54,354897,422445,0.8401,16,2026-07-31
380,ALKEM.NS,Alkem Laboratories Ltd.,Healthcare,5751.5,-1.12,116187,138557,0.8386,16,2026-07-31
381,TATAPOWER.NS,Tata Power Co. Ltd.,Power,380.7,1.26,3005459,3593555,0.8363,16,2026-07-31
382,PRAJIND.NS,Praj Industries Ltd.,Capital Goods,311.9,0.94,458775,550193,0.8338,16,2026-07-31
383,IOC.NS,Indian Oil Corporation Ltd.,Oil Gas & Consumable Fuels,140.17,0.16,9625292,11561102,0.8326,16,2026-07-31
384,SOLARINDS.NS,Solar Industries India Ltd.,Chemicals,18391.0,1.87,88925,106918,0.8317,16,2026-07-31
385,HONASA.NS,Honasa Consumer Ltd.,Fast Moving Consumer Goods,449.55,0.81,681424,820734,0.8303,16,2026-07-31
386,LXCHEM.NS,Laxmi Organic Industries Ltd.,Chemicals,178.48,-2.02,2711140,3268784,0.8294,16,2026-07-31
387,BANCOINDIA.NS,Banco Products (India) Ltd.,Automobile and Auto Components,637.25,1.67,98175,118394,0.8292,16,2026-07-31
388,BLACKBUCK.NS,Blackbuck Ltd.,Services,542.5,-0.39,440419,533731,0.8252,16,2026-07-31
389,DOMS.NS,DOMS Industries Ltd.,Fast Moving Consumer Goods,2260.0,0.22,37135,45008,0.8251,16,2026-07-31
390,JSWSTEEL.NS,JSW Steel Ltd.,Metals & Mining,1270.0,-0.06,1449844,1759230,0.8241,16,2026-07-31
391,VIYASH.NS,Viyash Scientific Ltd.,Healthcare,252.0,0.04,971572,1178914,0.8241,16,2026-07-31
392,GRINFRA.NS,G R Infraprojects Ltd.,Construction,884.1,-0.84,12652,15381,0.8226,16,2026-07-31
393,PFIZER.NS,Pfizer Ltd.,Healthcare,4823.9,0.47,26661,32466,0.8212,16,2026-07-31
394,HDFCAMC.NS,HDFC Asset Management Company Ltd.,Financial Services,2615.8,2.73,825612,1006196,0.8205,16,2026-07-31
395,ASIANPAINT.NS,Asian Paints Ltd.,Consumer Durables,2747.3,0.04,891429,1086572,0.8204,16,2026-07-31
396,WABAG.NS,Va Tech Wabag Ltd.,Utilities,1977.2,4.65,621599,758769,0.8192,16,2026-07-31
397,TSFINV.NS,TSF Investments Ltd.,Financial Services,452.5,2.16,65414,79911,0.8186,16,2026-07-31
398,CIPLA.NS,Cipla Ltd.,Healthcare,1473.2,0.46,1223344,1496376,0.8175,16,2026-07-31
399,PATELENG.NS,Patel Engineering Ltd.,Construction,27.33,-0.18,3295574,4035164,0.8167,16,2026-07-31
400,DEVYANI.NS,Devyani International Ltd.,Consumer Services,114.18,-3.67,3618634,4445490,0.814,16,2026-07-31
401,PGHH.NS,Procter & Gamble Hygiene & Health Care Ltd.,Fast Moving Consumer Goods,8594.0,1.38,19124,23516,0.8132,16,2026-07-31
402,PRSMJOHNSN.NS,Prism Johnson Ltd.,Construction Materials,106.46,1.54,101766,125136,0.8132,16,2026-07-31
403,COLPAL.NS,Colgate Palmolive (India) Ltd.,Fast Moving Consumer Goods,2076.1,-0.42,321899,395873,0.8131,16,2026-07-31
404,OLECTRA.NS,Olectra Greentech Ltd.,Automobile and Auto Components,1324.2,-0.21,243090,300915,0.8078,16,2026-07-31
405,DEEPAKNTR.NS,Deepak Nitrite Ltd.,Chemicals,1662.2,1.11,136035,168442,0.8076,16,2026-07-31
406,JISLJALEQS.NS,Jain Irrigation Systems Ltd.,Capital Goods,29.94,1.87,1212154,1505919,0.8049,16,2026-07-31
407,UBL.NS,United Breweries Ltd.,Fast Moving Consumer Goods,1418.8,-1.2,136889,170146,0.8045,16,2026-07-31
408,COALINDIA.NS,Coal India Ltd.,Oil Gas & Consumable Fuels,414.15,0.6,5936522,7379181,0.8045,16,2026-07-31
409,TCS.NS,Tata Consultancy Services Ltd.,Information Technology,2365.6,-2.72,4343039,5407283,0.8032,16,2026-07-31
410,RKFORGE.NS,Ramkrishna Forgings Ltd.,Automobile and Auto Components,651.15,3.95,2432997,3033352,0.8021,16,2026-07-31
411,INOXINDIA.NS,INOX India Ltd.,Capital Goods,1908.0,0.55,209059,260896,0.8013,16,2026-07-31
412,MSTCLTD.NS,MSTC Ltd.,Services,618.2,2.22,265914,332078,0.8008,16,2026-07-31
413,MOIL.NS,MOIL Ltd.,Metals & Mining,281.05,-2.4,2107144,2634162,0.7999,16,2026-07-31
414,SBILIFE.NS,SBI Life Insurance Company Ltd.,Financial Services,1882.0,0.24,723852,905203,0.7997,16,2026-07-31
415,EDELWEISS.NS,Edelweiss Financial Services Ltd.,Financial Services,115.47,0.29,1829008,2298266,0.7958,16,2026-07-31
416,BALUFORGE.NS,Balu Forge Industries Ltd.,Capital Goods,440.35,1.7,302968,382509,0.7921,16,2026-07-31
417,GODFRYPHLP.NS,Godfrey Phillips India Ltd.,Fast Moving Consumer Goods,2133.4,0.08,406357,513656,0.7911,16,2026-07-31
418,FORTIS.NS,Fortis Healthcare Ltd.,Healthcare,945.0,-0.41,676906,857574,0.7893,16,2026-07-31
419,MPHASIS.NS,MphasiS Ltd.,Information Technology,2342.3,-0.19,568907,723787,0.786,16,2026-07-31
420,EIEL.NS,Enviro Infra Engineers Ltd.,Utilities,220.06,3.02,1457845,1857780,0.7847,16,2026-07-31
421,360ONE.NS,360 ONE WAM Ltd.,Financial Services,1135.3,-0.66,1168003,1492391,0.7826,16,2026-07-31
422,LTF.NS,L&T Finance Ltd.,Financial Services,311.25,1.63,5329358,6811746,0.7824,16,2026-07-31
423,DHANUKA.NS,Dhanuka Agritech Ltd.,Chemicals,1021.9,-1.05,24897,31876,0.7811,16,2026-07-31
424,ADANIENSOL.NS,Adani Energy Solutions Ltd.,Power,1645.4,-0.82,1779255,2285416,0.7785,16,2026-07-31
425,NBCC.NS,NBCC (India) Ltd.,Construction,94.8,1.31,5777721,7435646,0.777,16,2026-07-31
426,ABDL.NS,Allied Blenders and Distillers Ltd.,Fast Moving Consumer Goods,619.5,-4.46,338284,435754,0.7763,16,2026-07-31
427,ELGIEQUIP.NS,Elgi Equipments Ltd.,Capital Goods,569.65,0.09,189851,245126,0.7745,16,2026-07-31
428,RBLBANK.NS,RBL Bank Ltd.,Financial Services,375.5,-0.67,5846031,7594474,0.7698,16,2026-07-31
429,SHAILY.NS,Shaily Engineering Plastics Ltd.,Capital Goods,3061.4,1.07,140716,184442,0.7629,16,2026-07-31
430,RECLTD.NS,REC Ltd.,Financial Services,372.95,0.62,3602965,4725263,0.7625,16,2026-07-31
431,NMDC.NS,NMDC Ltd.,Metals & Mining,85.04,0.04,12786868,16809714,0.7607,16,2026-07-31
432,REFEX.NS,Refex Industries Ltd.,Chemicals,302.8,1.39,601541,791963,0.7596,16,2026-07-31
433,JSL.NS,Jindal Stainless Ltd.,Metals & Mining,734.8,-0.4,351429,463105,0.7589,16,2026-07-31
434,HINDUNILVR.NS,Hindustan Unilever Ltd.,Fast Moving Consumer Goods,2101.3,-0.31,1758982,2321547,0.7577,16,2026-07-31
435,AURIONPRO.NS,Aurionpro Solution Ltd.,Information Technology,733.4,-0.14,139128,183884,0.7566,16,2026-07-31
436,KIMS.NS,Krishna Institute of Medical Sciences Ltd.,Healthcare,804.7,-0.29,393857,521771,0.7548,16,2026-07-31
437,PTCIL.NS,PTC Industries Ltd.,Capital Goods,17737.0,-0.33,9809,13007,0.7541,16,2026-07-31
438,GODREJAGRO.NS,Godrej Agrovet Ltd.,Fast Moving Consumer Goods,556.8,-0.46,78608,104525,0.752,16,2026-07-31
439,MFSL.NS,Max Financial Services Ltd.,Financial Services,1499.0,-0.78,516293,689113,0.7492,16,2026-07-31
440,RELIANCE.NS,Reliance Industries Ltd.,Oil Gas & Consumable Fuels,1307.8,1.15,8622452,11553523,0.7463,16,2026-07-31
441,HCLTECH.NS,HCL Technologies Ltd.,Information Technology,1346.9,-0.43,3368855,4548712,0.7406,16,2026-07-31
442,YATHARTH.NS,Yatharth Hospital & Trauma Care Services Ltd.,Healthcare,818.45,-0.92,157471,213130,0.7388,16,2026-07-31
443,HAVELLS.NS,Havells India Ltd.,Consumer Durables,1260.7,-0.08,1085973,1471189,0.7382,16,2026-07-31
444,SAILIFE.NS,Sai Life Sciences Ltd.,Healthcare,1315.1,-0.01,301479,408591,0.7379,16,2026-07-31
445,CHALET.NS,Chalet Hotels Ltd.,Consumer Services,811.4,0.8,82504,111808,0.7379,16,2026-07-31
446,DMART.NS,Avenue Supermarts Ltd.,Consumer Services,3921.0,1.21,551951,748601,0.7373,16,2026-07-31
447,CSBBANK.NS,CSB Bank Ltd.,Financial Services,329.9,0.9,503628,683325,0.737,16,2026-07-31
448,RADICO.NS,Radico Khaitan Ltd,Fast Moving Consumer Goods,4340.8,-0.59,362308,492359,0.7359,16,2026-07-31
449,CASTROLIND.NS,Castrol India Ltd.,Oil Gas & Consumable Fuels,185.21,0.21,866264,1178239,0.7352,16,2026-07-31
450,BALAMINES.NS,Balaji Amines Ltd.,Chemicals,2133.3,-4.91,197720,269198,0.7345,16,2026-07-31
451,ACC.NS,ACC Ltd.,Construction Materials,1357.4,0.07,136285,185797,0.7335,16,2026-07-31
452,DYNAMATECH.NS,Dynamatic Technologies Ltd.,Capital Goods,10339.0,0.65,6826,9332,0.7315,16,2026-07-31
453,MANINFRA.NS,Man Infraconstruction Ltd.,Construction,98.08,2.07,498292,681350,0.7313,16,2026-07-31
454,SUZLON.NS,Suzlon Energy Ltd.,Capital Goods,48.01,1.29,56625863,77673352,0.729,16,2026-07-31
455,ABB.NS,ABB India Ltd.,Capital Goods,7284.5,-0.1,348796,478486,0.729,16,2026-07-31
456,SHRIPISTON.NS,Shriram Pistons & Rings Ltd.,Automobile and Auto Components,4395.2,1.28,39845,54692,0.7285,16,2026-07-31
457,BANKBARODA.NS,Bank of Baroda,Financial Services,242.6,0.39,7773719,10670765,0.7285,16,2026-07-31
458,INNOVACAP.NS,Innova Captab Ltd.,Healthcare,974.25,0.48,26789,36895,0.7261,16,2026-07-31
459,GODREJPROP.NS,Godrej Properties Ltd.,Realty,2105.7,-0.25,585718,807904,0.725,16,2026-07-31
460,ENGINERSIN.NS,Engineers India Ltd.,Construction,222.38,0.18,877558,1211614,0.7243,16,2026-07-31
461,TEXRAIL.NS,Texmaco Rail & Eng. Ltd.,Capital Goods,111.39,0.91,1052394,1454766,0.7234,16,2026-07-31
462,RENUKA.NS,Shree Renuka Sugars Ltd.,Fast Moving Consumer Goods,21.87,1.06,1969615,2756990,0.7144,16,2026-07-31
463,SUNTV.NS,Sun TV Network Ltd.,Media Entertainment & Publication,508.65,-0.56,186436,261510,0.7129,16,2026-07-31
464,UNITDSPR.NS,United Spirits Ltd.,Fast Moving Consumer Goods,1515.9,-1.04,783993,1103765,0.7103,16,2026-07-31
465,TRENT.NS,Trent Ltd.,Consumer Services,3005.9,0.22,605154,858305,0.7051,16,2026-07-31
466,PIDILITIND.NS,Pidilite Industries Ltd.,Chemicals,1611.4,-1.14,821453,1168239,0.7032,16,2026-07-31
467,JSWENERGY.NS,JSW Energy Ltd.,Power,554.65,2.01,1585596,2266893,0.6995,16,2026-07-31
468,ZAGGLE.NS,Zaggle Prepaid Ocean Services Ltd.,Information Technology,204.6,-0.08,487886,698459,0.6985,16,2026-07-31
469,HGINFRA.NS,H.G. Infra Engineering Ltd.,Construction,538.55,1.03,41941,60119,0.6976,16,2026-07-31
470,AADHARHFC.NS,Aadhar Housing Finance Ltd.,Financial Services,496.7,1.21,224498,322183,0.6968,16,2026-07-31
471,BPCL.NS,Bharat Petroleum Corporation Ltd.,Oil Gas & Consumable Fuels,319.75,1.25,5110330,7338512,0.6964,16,2026-07-31
472,POLYCAB.NS,Polycab India Ltd.,Capital Goods,9106.5,2.37,283246,407000,0.6959,16,2026-07-31
473,ATHERENERG.NS,Ather Energy Ltd.,Automobile and Auto Components,1260.3,1.56,3182191,4588332,0.6935,16,2026-07-31
474,BALRAMCHIN.NS,Balrampur Chini Mills Ltd.,Fast Moving Consumer Goods,586.2,-1.69,526327,765592,0.6875,16,2026-07-31
475,JMFINANCIL.NS,JM Financial Ltd.,Financial Services,122.16,0.67,1308132,1903654,0.6872,16,2026-07-31
476,RBA.NS,Restaurant Brands Asia Ltd.,Consumer Services,66.64,-0.55,2224369,3252589,0.6839,16,2026-07-31
477,PRINCEPIPE.NS,Prince Pipes and Fittings Ltd.,Capital Goods,264.0,0.51,75976,111130,0.6837,16,2026-07-31
478,ICICIBANK.NS,ICICI Bank Ltd.,Financial Services,1435.4,0.1,8751419,12806473,0.6834,16,2026-07-31
479,BAYERCROP.NS,Bayer Cropscience Ltd.,Chemicals,4234.4,0.19,27626,40462,0.6828,16,2026-07-31
480,LALPATHLAB.NS,Dr. Lal Path Labs Ltd.,Healthcare,1905.2,1.41,355672,521424,0.6821,16,2026-07-31
481,ZYDUSLIFE.NS,Zydus Lifesciences Ltd.,Healthcare,1126.8,1.05,721017,1058468,0.6812,16,2026-07-31
482,KEC.NS,Kec International Ltd.,Construction,468.95,0.04,709382,1043614,0.6797,16,2026-07-31
483,ADANIENT.NS,Adani Enterprises Ltd.,Metals & Mining,3009.5,-1.3,866334,1281907,0.6758,16,2026-07-31
484,GSFC.NS,Gujarat State Fertilizers & Chemicals Ltd.,Chemicals,158.84,-0.24,309037,458620,0.6738,16,2026-07-31
485,GLENMARK.NS,Glenmark Pharmaceuticals Ltd.,Healthcare,2233.9,1.99,371153,552887,0.6713,16,2026-07-31
486,SUDARSCHEM.NS,Sudarshan Chemical Industries Ltd.,Chemicals,1013.9,0.58,186828,280364,0.6664,16,2026-07-31
487,CEMPRO.NS,Cemindia Projects Ltd.,Construction,1367.8,0.67,464633,699943,0.6638,16,2026-07-31
488,GOKEX.NS,Gokaldas Exports Ltd.,Textiles,814.95,1.31,173433,262562,0.6605,16,2026-07-31
489,ABSLAMC.NS,Aditya Birla Sun Life AMC Ltd.,Financial Services,1011.8,0.3,265937,403246,0.6595,16,2026-07-31
490,CRISIL.NS,CRISIL Ltd.,Financial Services,4359.8,-1.07,60608,92054,0.6584,16,2026-07-31
491,NFL.NS,National Fertilizers Ltd.,Chemicals,71.47,0.51,341033,519974,0.6559,16,2026-07-31
492,FACT.NS,Fertilisers and Chemicals Travancore Ltd.,Chemicals,826.65,1.37,66352,101567,0.6533,16,2026-07-31
493,ACMESOLAR.NS,ACME Solar Holdings Ltd.,Power,362.6,0.53,1446481,2217189,0.6524,16,2026-07-31
494,SUPREMEIND.NS,Supreme Industries Ltd.,Capital Goods,3465.4,0.16,137594,211263,0.6513,16,2026-07-31
495,IRCON.NS,IRCON International Ltd.,Construction,125.99,0.29,641935,993505,0.6461,16,2026-07-31
496,RAIN.NS,Rain Industries Ltd,Chemicals,222.95,0.58,3052043,4726478,0.6457,16,2026-07-31
497,NSLNISP.NS,NMDC Steel Ltd.,Metals & Mining,43.02,0.89,1618291,2509994,0.6447,16,2026-07-31
498,SHYAMMETL.NS,Shyam Metalics and Energy Ltd.,Capital Goods,1031.3,0.88,415129,648520,0.6401,16,2026-07-31
499,LICI.NS,Life Insurance Corporation of India,Financial Services,424.7,0.44,1298665,2038044,0.6372,16,2026-07-31
500,TRIVENI.NS,Triveni Engineering & Industries Ltd.,Fast Moving Consumer Goods,221.5,-2.16,379776,597270,0.6359,16,2026-07-31
501,SUMICHEM.NS,Sumitomo Chemical India Ltd.,Chemicals,510.3,0.37,589700,928020,0.6354,16,2026-07-31
502,WAAREERTL.NS,Waaree Renewable Technologies Ltd.,Capital Goods,913.2,0.0,159622,251493,0.6347,16,2026-07-31
503,NLCINDIA.NS,NLC India Ltd.,Power,297.9,2.06,1397452,2202797,0.6344,16,2026-07-31
504,MCX.NS,Multi Commodity Exchange of India Ltd.,Financial Services,2692.2,0.57,998821,1579459,0.6324,16,2026-07-31
505,UCOBANK.NS,UCO Bank,Financial Services,26.17,1.36,4035661,6394309,0.6311,16,2026-07-31
506,BLUESTARCO.NS,Blue Star Ltd.,Consumer Durables,1681.2,-0.6,187626,297898,0.6298,16,2026-07-31
507,USHAMART.NS,Usha Martin Ltd.,Capital Goods,495.95,-1.28,357972,570360,0.6276,16,2026-07-31
508,GRASIM.NS,Grasim Industries Ltd.,Construction Materials,3100.8,-0.13,309447,496560,0.6232,16,2026-07-31
509,GRANULES.NS,Granules India Ltd.,Healthcare,824.65,-1.12,693355,1119630,0.6193,16,2026-07-31
510,CIEINDIA.NS,CIE Automotive India Ltd.,Automobile and Auto Components,408.6,-0.8,422659,683144,0.6187,16,2026-07-31
511,V2RETAIL.NS,V2 Retail Ltd.,Consumer Services,219.33,0.29,450049,727591,0.6185,16,2026-07-31
512,STLTECH.NS,Sterlite Technologies Ltd.,Telecommunication,557.05,4.99,1458354,2359554,0.6181,16,2026-07-31
513,GLAND.NS,Gland Pharma Ltd.,Healthcare,2502.9,-0.56,266824,432483,0.617,16,2026-07-31
514,ANGELONE.NS,Angel One Ltd.,Financial Services,297.95,2.16,4625643,7546923,0.6129,16,2026-07-31
515,AMBER.NS,Amber Enterprises India Ltd.,Consumer Durables,7440.5,0.53,161152,262983,0.6128,16,2026-07-31
516,HEXT.NS,Hexaware Technologies Ltd.,Information Technology,561.65,-2.42,764985,1251879,0.6111,16,2026-07-31
517,JINDALSTEL.NS,Jindal Steel Ltd.,Metals & Mining,1102.4,0.8,783204,1282156,0.6108,16,2026-07-31
518,APLLTD.NS,Alembic Pharmaceuticals Ltd.,Healthcare,797.05,-0.71,50511,82835,0.6098,16,2026-07-31
519,DIACABS.NS,Diamond Power Infrastructure Ltd.,Capital Goods,323.97,-1.38,5758350,9451816,0.6092,16,2026-07-31
520,CHENNPETRO.NS,Chennai Petroleum Corporation Ltd.,Oil Gas & Consumable Fuels,1260.6,1.81,1501690,2466349,0.6089,16,2026-07-31
521,PETRONET.NS,Petronet LNG Ltd.,Oil Gas & Consumable Fuels,280.75,0.66,1110669,1828314,0.6075,16,2026-07-31
522,CYIENT.NS,Cyient Ltd.,Information Technology,847.7,0.0,352252,580372,0.6069,16,2026-07-31
523,CESC.NS,CESC Ltd.,Power,165.57,0.39,692907,1143964,0.6057,16,2026-07-31
524,ALLCARGO.NS,Allcargo Logistics Ltd.,Services,8.03,1.13,1819143,3011513,0.6041,16,2026-07-31
525,MEDPLUS.NS,Medplus Health Services Ltd.,Consumer Services,704.95,-1.37,218344,361469,0.604,16,2026-07-31
526,HUDCO.NS,Housing & Urban Development Corporation Ltd.,Financial Services,195.1,-0.39,1455101,2410665,0.6036,16,2026-07-31
527,ZFCVINDIA.NS,ZF Commercial Vehicle Control Systems India Ltd.,Automobile and Auto Components,2417.9,1.54,130493,216556,0.6026,16,2026-07-31
528,SAMMAANCAP.NS,Sammaan Capital Ltd.,Financial Services,162.43,1.52,4024279,6678754,0.6025,16,2026-07-31
529,RRKABEL.NS,R R Kabel Ltd.,Capital Goods,2602.8,1.58,527152,876501,0.6014,16,2026-07-31
530,RATNAMANI.NS,Ratnamani Metals & Tubes Ltd.,Capital Goods,2358.9,-1.1,16537,27539,0.6005,16,2026-07-31
531,INDIASHLTR.NS,India Shelter Finance Corporation Ltd.,Financial Services,726.5,1.0,81696,136138,0.6001,16,2026-07-31
532,SHAKTIPUMP.NS,Shakti Pumps (India) Ltd.,Capital Goods,520.4,-0.6,312552,526798,0.5933,16,2026-07-31
533,ICIL.NS,Indo Count Industries Ltd.,Textiles,401.25,-0.34,211346,356658,0.5926,16,2026-07-31
534,PAYTM.NS,One 97 Communications Ltd.,Financial Services,1343.0,0.79,2301331,3884799,0.5924,16,2026-07-31
535,ASTRAL.NS,Astral Ltd.,Capital Goods,1448.6,-1.58,348984,589967,0.5915,16,2026-07-31
536,NETWORK18.NS,Network18 Media & Investments Ltd.,Media Entertainment & Publication,29.45,0.55,2051096,3468492,0.5914,16,2026-07-31
537,ORIENTCEM.NS,Orient Cement Ltd.,Construction Materials,136.64,0.05,158673,268563,0.5908,16,2026-07-31
538,ENTERO.NS,Entero Healthcare Solutions Ltd.,Consumer Services,1243.9,0.07,43592,74315,0.5866,16,2026-07-31
539,VSTIND.NS,VST Industries Ltd.,Fast Moving Consumer Goods,221.5,0.96,222409,387647,0.5737,16,2026-07-31
540,STYRENIX.NS,Styrenix Performance Materials Ltd.,Chemicals,2476.5,0.77,44132,77242,0.5713,16,2026-07-31
541,BANKINDIA.NS,Bank of India,Financial Services,137.95,0.53,5767722,10099525,0.5711,16,2026-07-31
542,GARFIBRES.NS,Garware Technical Fibres Ltd.,Textiles,732.9,1.4,25655,44986,0.5703,16,2026-07-31
543,SPARC.NS,Sun Pharma Advanced Research Company Ltd.,Healthcare,206.21,-1.07,871706,1533564,0.5684,16,2026-07-31
544,ITCHOTELS.NS,ITC Hotels Ltd.,Consumer Services,162.37,1.14,2014106,3577775,0.5629,16,2026-07-31
545,KITEX.NS,Kitex Garments Ltd.,Textiles,145.81,0.43,194485,346587,0.5611,16,2026-07-31
546,TIMETECHNO.NS,Time Technoplast Ltd.,Capital Goods,208.56,0.1,2950143,5279509,0.5588,16,2026-07-31
547,VMART.NS,V-Mart Retail Ltd.,Consumer Services,779.1,1.95,100474,179978,0.5583,16,2026-07-31
548,WHIRLPOOL.NS,Whirlpool of India Ltd.,Consumer Durables,802.9,-0.35,220916,397743,0.5554,16,2026-07-31
549,MANYAVAR.NS,Vedant Fashions Ltd.,Consumer Services,414.65,-0.73,190781,345426,0.5523,16,2026-07-31
550,NCC.NS,NCC Ltd.,Construction,141.08,0.12,812478,1476169,0.5504,16,2026-07-31
551,JWL.NS,Jupiter Wagons Ltd.,Capital Goods,259.2,-0.06,727038,1323071,0.5495,16,2026-07-31
552,UJJIVANSFB.NS,Ujjivan Small Finance Bank Ltd.,Financial Services,71.75,2.02,18146002,33110763,0.548,16,2026-07-31
553,AGI.NS,AGI Greenpac Ltd.,Capital Goods,709.25,0.58,74643,136628,0.5463,16,2026-07-31
554,YESBANK.NS,Yes Bank Ltd.,Financial Services,22.77,1.02,37734512,69564973,0.5424,16,2026-07-31
555,SONATSOFTW.NS,Sonata Software Ltd.,Information Technology,322.45,4.39,2337436,4329578,0.5399,16,2026-07-31
556,VENTIVE.NS,Ventive Hospitality Ltd.,Consumer Services,624.6,-1.19,7538,13974,0.5394,16,2026-07-31
557,MIDHANI.NS,Mishra Dhatu Nigam Ltd.,Capital Goods,396.0,1.77,219591,409127,0.5367,16,2026-07-31
558,RATEGAIN.NS,Rategain Travel Technologies Ltd.,Information Technology,918.4,2.45,175349,327184,0.5359,16,2026-07-31
559,AUROPHARMA.NS,Aurobindo Pharma Ltd.,Healthcare,1580.2,0.25,440497,822428,0.5356,16,2026-07-31
560,PNB.NS,Punjab National Bank,Financial Services,112.71,0.96,11557885,21599625,0.5351,16,2026-07-31
561,IPCALAB.NS,Ipca Laboratories Ltd.,Healthcare,1747.8,-0.63,135363,253502,0.534,16,2026-07-31
562,ADANIPOWER.NS,Adani Power Ltd.,Power,211.31,1.12,15209629,28563296,0.5325,16,2026-07-31
563,CANBK.NS,Canara Bank,Financial Services,124.98,0.56,13369306,25155016,0.5315,16,2026-07-31
564,TITAGARH.NS,Titagarh Rail Systems Ltd.,Capital Goods,825.2,0.05,189365,356352,0.5314,16,2026-07-31
565,FIVESTAR.NS,Five-Star Business Finance Ltd.,Financial Services,547.95,-0.55,467850,880810,0.5312,16,2026-07-31
566,OFSS.NS,Oracle Financial Services Software Ltd.,Information Technology,11186.0,0.45,294147,554362,0.5306,16,2026-07-31
567,SYMPHONY.NS,Symphony Ltd.,Consumer Durables,688.2,0.69,47096,88970,0.5293,16,2026-07-31
568,ATUL.NS,Atul Ltd.,Chemicals,6736.5,-0.98,48533,92043,0.5273,16,2026-07-31
569,AMBUJACEM.NS,Ambuja Cements Ltd.,Construction Materials,432.2,-0.46,1201643,2281151,0.5268,16,2026-07-31
570,EMBDL.NS,Embassy Developments Ltd.,Realty,61.14,-0.44,1061202,2039745,0.5203,16,2026-07-31
571,AWFIS.NS,Awfis Space Solutions Ltd.,Services,278.1,0.76,133593,257534,0.5187,16,2026-07-31
572,ABBOTINDIA.NS,Abbott India Ltd.,Healthcare,27800.0,0.89,6208,12027,0.5162,16,2026-07-31
573,BIRLACORPN.NS,Birla Corporation Ltd.,Construction Materials,890.5,0.62,92589,179624,0.5155,16,2026-07-31
574,AGARWALEYE.NS,Dr. Agarwal's Health Care Ltd.,Healthcare,478.0,-0.87,43743,84923,0.5151,16,2026-07-31
575,PIIND.NS,PI Industries Ltd.,Chemicals,2751.2,-0.94,100426,196653,0.5107,16,2026-07-31
576,GALLANTT.NS,Gallantt Ispat Ltd.,Capital Goods,614.6,5.0,124689,244206,0.5106,16,2026-07-31
577,ANANDRATHI.NS,Anand Rathi Wealth Ltd.,Financial Services,2073.7,1.69,153712,301290,0.5102,16,2026-07-31
578,AEGISLOG.NS,Aegis Logistics Ltd.,Oil Gas & Consumable Fuels,1280.8,2.52,832364,1631850,0.5101,16,2026-07-31
579,SRF.NS,SRF Ltd.,Chemicals,2622.5,0.68,365174,717463,0.509,16,2026-07-31
580,ADANIGREEN.NS,Adani Green Energy Ltd.,Power,1383.0,1.79,1571670,3103539,0.5064,16,2026-07-31
581,AZAD.NS,Azad Engineering Ltd.,Capital Goods,2292.5,1.46,287844,571466,0.5037,16,2026-07-31
582,J&KBANK.NS,Jammu & Kashmir Bank Ltd.,Financial Services,156.0,1.47,4735814,9405294,0.5035,16,2026-07-31
583,VAIBHAVGBL.NS,Vaibhav Global Ltd.,Consumer Durables,266.36,1.05,309683,618464,0.5007,16,2026-07-31
584,JSFB.NS,Jana Small Finance Bank Ltd.,Financial Services,575.0,2.07,840106,1681823,0.4995,16,2026-07-31
585,LATENTVIEW.NS,Latent View Analytics Ltd.,Information Technology,316.2,1.85,550902,1103995,0.499,16,2026-07-31
586,EUREKAFORB.NS,Eureka Forbes Ltd.,Consumer Durables,448.45,-0.47,70370,141011,0.499,16,2026-07-31
587,MOTILALOFS.NS,Motilal Oswal Financial Services Ltd.,Financial Services,851.95,1.79,822490,1664165,0.4942,16,2026-07-31
588,IDFCFIRSTB.NS,IDFC First Bank Ltd.,Financial Services,84.68,-0.09,13972904,28487542,0.4905,16,2026-07-31
589,KIRLPNU.NS,Kirloskar Pneumatic Company Ltd.,Capital Goods,1482.4,1.48,124835,254821,0.4899,16,2026-07-31
590,BIKAJI.NS,Bikaji Foods International Ltd.,Fast Moving Consumer Goods,641.65,-0.32,35950,73580,0.4886,16,2026-07-31
591,IEX.NS,Indian Energy Exchange Ltd.,Financial Services,132.24,0.64,3874380,7966086,0.4864,16,2026-07-31
592,NUVAMA.NS,Nuvama Wealth Management Ltd.,Financial Services,1803.8,0.58,280872,580184,0.4841,16,2026-07-31
593,DCBBANK.NS,DCB Bank Ltd.,Financial Services,186.09,-0.78,813465,1686109,0.4825,16,2026-07-31
594,TATACOMM.NS,Tata Communications Ltd.,Telecommunication,1756.4,-0.98,174929,362662,0.4823,16,2026-07-31
595,BDL.NS,Bharat Dynamics Ltd.,Capital Goods,1253.1,0.58,381444,791549,0.4819,16,2026-07-31
596,HEMIPROP.NS,Hemisphere Properties India Ltd.,Services,134.32,-0.18,117578,244311,0.4813,16,2026-07-31
597,IXIGO.NS,Le Travenues Technology Ltd.,Consumer Services,197.62,2.14,466544,972959,0.4795,16,2026-07-31
598,CELLO.NS,Cello World Ltd.,Consumer Durables,343.3,1.33,127801,267095,0.4785,16,2026-07-31
599,OIL.NS,Oil India Ltd.,Oil Gas & Consumable Fuels,458.6,0.37,1629302,3432250,0.4747,16,2026-07-31
600,KOTAKBANK.NS,Kotak Mahindra Bank Ltd.,Financial Services,390.3,0.23,7014486,14830492,0.473,16,2026-07-31
601,FEDERALBNK.NS,Federal Bank Ltd.,Financial Services,358.85,1.33,3907250,8273018,0.4723,16,2026-07-31
602,TVSSCS.NS,TVS Supply Chain Solutions Ltd.,Services,135.11,-0.4,172276,369451,0.4663,16,2026-07-31
603,KALYANKJIL.NS,Kalyan Jewellers India Ltd.,Consumer Durables,612.6,-3.47,23706905,51241662,0.4626,16,2026-07-31
604,M&MFIN.NS,Mahindra & Mahindra Financial Services Ltd.,Financial Services,385.75,-1.73,3830307,8284935,0.4623,16,2026-07-31
605,SBICARD.NS,SBI Cards and Payment Services Ltd.,Financial Services,660.15,0.36,903780,1956282,0.462,16,2026-07-31
606,CAPLIPOINT.NS,Caplin Point Laboratories Ltd.,Healthcare,2516.8,-0.77,52765,114947,0.459,16,2026-07-31
607,AFFLE.NS,Affle 3i Ltd.,Information Technology,1586.0,-2.26,303225,661554,0.4584,16,2026-07-31
608,LTM.NS,LTIMindtree Ltd.,Information Technology,4362.1,-1.79,253060,553397,0.4573,16,2026-07-31
609,EASEMYTRIP.NS,Easy Trip Planners Ltd.,Consumer Services,6.61,0.76,7711796,16902245,0.4563,16,2026-07-31
610,TARC.NS,TARC Ltd.,Realty,137.25,2.45,671606,1475143,0.4553,16,2026-07-31
611,CEATLTD.NS,Ceat Ltd.,Automobile and Auto Components,3429.9,0.03,97000,214894,0.4514,16,2026-07-31
612,BATAINDIA.NS,Bata India Ltd.,Consumer Durables,696.15,0.74,133917,297292,0.4505,16,2026-07-31
613,BSOFT.NS,Birlasoft Ltd.,Information Technology,302.4,-1.27,1230132,2732109,0.4502,16,2026-07-31
614,AFCONS.NS,Afcons Infrastructure Ltd.,Construction,271.15,-0.77,1006820,2239482,0.4496,16,2026-07-31
615,ICICIPRULI.NS,ICICI Prudential Life Insurance Company Ltd.,Financial Services,515.4,0.94,1002244,2236086,0.4482,16,2026-07-31
616,MARKSANS.NS,Marksans Pharma Ltd.,Healthcare,258.35,-0.1,702187,1568002,0.4478,16,2026-07-31
617,CENTRALBK.NS,Central Bank of India,Financial Services,30.97,-0.16,4780155,10681312,0.4475,16,2026-07-31
618,IFBIND.NS,IFB Industries Ltd.,Consumer Durables,1315.7,0.24,64640,144953,0.4459,16,2026-07-31
619,SOUTHBANK.NS,South Indian Bank Ltd.,Financial Services,46.7,-0.41,7680830,17283619,0.4444,16,2026-07-31
620,ALOKINDS.NS,Alok Industries Ltd.,Textiles,11.92,0.59,1657061,3752163,0.4416,16,2026-07-31
621,GMRP&UI.NS,GMR Power and Urban Infra Ltd.,Power,99.16,-0.32,329384,748469,0.4401,16,2026-07-31
622,MAHABANK.NS,Bank of Maharashtra,Financial Services,79.33,0.09,7562948,17311591,0.4369,16,2026-07-31
623,SUNDRMFAST.NS,Sundram Fasteners Ltd.,Automobile and Auto Components,977.45,1.17,53320,122553,0.4351,16,2026-07-31
624,SBFC.NS,SBFC Finance Ltd.,Financial Services,90.4,0.27,597593,1378141,0.4336,16,2026-07-31
625,INDIANB.NS,Indian Bank,Financial Services,836.5,1.12,1311951,3044540,0.4309,16,2026-07-31
626,INDIGO.NS,InterGlobe Aviation Ltd.,Services,5171.0,-1.14,462883,1081556,0.428,16,2026-07-31
627,BHEL.NS,Bharat Heavy Electricals Ltd.,Capital Goods,407.0,0.99,6868429,16222422,0.4234,16,2026-07-31
628,TATAELXSI.NS,Tata Elxsi Ltd.,Information Technology,3672.9,0.4,269107,643295,0.4183,16,2026-07-31
629,PGIL.NS,Pearl Global Industries Ltd.,Textiles,2064.8,1.81,36678,88301,0.4154,16,2026-07-31
630,HSCL.NS,Himadri Speciality Chemical Ltd.,Chemicals,750.65,-1.3,4615320,11226721,0.4111,16,2026-07-31
631,LTTS.NS,L&T Technology Services Ltd.,Information Technology,3555.4,-0.1,119507,292696,0.4083,16,2026-07-31
632,POLICYBZR.NS,PB Fintech Ltd.,Financial Services,1601.5,0.5,542058,1328050,0.4082,16,2026-07-31
633,SFL.NS,Sheela Foam Ltd.,Consumer Durables,783.8,0.97,97087,239240,0.4058,16,2026-07-31
634,ARVINDFASN.NS,Arvind Fashions Ltd.,Consumer Services,450.0,0.69,173261,429063,0.4038,16,2026-07-31
635,JKLAKSHMI.NS,JK Lakshmi Cement Ltd.,Construction Materials,564.65,-0.27,55452,138268,0.401,16,2026-07-31
636,TATATECH.NS,Tata Technologies Ltd.,Information Technology,747.65,-0.49,433590,1090033,0.3978,16,2026-07-31
637,NHPC.NS,NHPC Ltd.,Power,78.73,0.85,5654923,14401060,0.3927,16,2026-07-31
638,ELECON.NS,Elecon Engineering Co. Ltd.,Capital Goods,419.05,0.43,285451,731065,0.3905,16,2026-07-31
639,IGL.NS,Indraprastha Gas Ltd.,Oil Gas & Consumable Fuels,151.98,0.16,660502,1699677,0.3886,16,2026-07-31
640,INOXGREEN.NS,Inox Green Energy Services Ltd.,Power,169.89,-3.06,603719,1561252,0.3867,16,2026-07-31
641,AHLUCONT.NS,Ahluwalia Contracts (India) Ltd.,Construction,821.4,0.26,15056,38987,0.3862,16,2026-07-31
642,DRREDDY.NS,Dr. Reddy's Laboratories Ltd.,Healthcare,1148.1,0.29,1085538,2829023,0.3837,16,2026-07-31
643,CDSL.NS,Central Depository Services (India) Ltd.,Financial Services,1333.0,-0.25,745156,1962888,0.3796,16,2026-07-31
644,RAMCOCEM.NS,The Ramco Cements Ltd.,Construction Materials,918.25,0.36,45292,119360,0.3795,16,2026-07-31
645,SAREGAMA.NS,Saregama India Ltd,Media Entertainment & Publication,522.85,0.28,257411,679048,0.3791,16,2026-07-31
646,PARKHOTELS.NS,Apeejay Surrendra Park Hotels Ltd.,Consumer Services,122.38,1.11,65894,176895,0.3725,16,2026-07-31
647,DCMSHRIRAM.NS,DCM Shriram Ltd.,Diversified,1033.9,-1.71,87781,236737,0.3708,16,2026-07-31
648,NTPCGREEN.NS,NTPC Green Energy Ltd.,Power,90.03,-0.64,4168867,11389539,0.366,16,2026-07-31
649,CONCOR.NS,Container Corporation of India Ltd.,Services,525.5,0.07,1280862,3505715,0.3654,16,2026-07-31
650,PCJEWELLER.NS,PC Jeweller Ltd.,Consumer Durables,9.26,1.54,123841442,340800490,0.3634,16,2026-07-31
651,CARTRADE.NS,Cartrade Tech Ltd.,Consumer Services,2719.6,-2.58,387538,1072369,0.3614,16,2026-07-31
652,BAJAJ-AUTO.NS,Bajaj Auto Ltd.,Automobile and Auto Components,11520.5,0.77,214354,594528,0.3605,16,2026-07-31
653,KSL.NS,Kalyani Steels Ltd.,Capital Goods,874.05,0.38,17565,48853,0.3595,16,2026-07-31
654,JKPAPER.NS,JK Paper Ltd.,Forest Materials,390.55,3.22,519616,1448485,0.3587,16,2026-07-31
655,JINDALSAW.NS,Jindal Saw Ltd.,Capital Goods,256.95,1.04,684687,1924382,0.3558,16,2026-07-31
656,LLOYDSENGG.NS,Lloyds Engineering Works Ltd.,Capital Goods,88.66,0.67,3934528,11135609,0.3533,16,2026-07-31
657,TRIDENT.NS,Trident Ltd.,Textiles,24.71,0.0,2502609,7118429,0.3516,16,2026-07-31
658,CERA.NS,Cera Sanitaryware Ltd,Consumer Durables,6126.0,0.15,3493,9948,0.3511,16,2026-07-31
659,WELCORP.NS,Welspun Corp Ltd.,Capital Goods,1650.6,-0.27,381505,1089214,0.3503,16,2026-07-31
660,AEGISVOPAK.NS,Aegis Vopak Terminals Ltd.,Oil Gas & Consumable Fuels,290.16,-0.73,843083,2408802,0.35,16,2026-07-31
661,HERITGFOOD.NS,Heritage Foods Ltd.,Fast Moving Consumer Goods,330.15,0.23,124878,358557,0.3483,16,2026-07-31
662,IIFLCAPS.NS,IIFL Capital Services Ltd.,Financial Services,337.8,0.66,149900,430800,0.348,16,2026-07-31
663,JSWCEMENT.NS,JSW Cement Ltd.,Construction Materials,133.1,1.38,819456,2358495,0.3474,16,2026-07-31
664,GANESHHOU.NS,Ganesh Housing Ltd.,Realty,740.6,-0.82,20537,59196,0.3469,16,2026-07-31
665,INDIAGLYCO.NS,India Glycols Ltd.,Fast Moving Consumer Goods,1147.45,1.69,72596,209442,0.3466,16,2026-07-31
666,MAHLIFE.NS,Mahindra Lifespace Developers Ltd.,Realty,392.65,1.88,178515,515192,0.3465,16,2026-07-31
667,DALBHARAT.NS,Dalmia Bharat Ltd.,Construction Materials,1799.7,0.31,103597,299502,0.3459,16,2026-07-31
668,KFINTECH.NS,Kfin Technologies Ltd.,Financial Services,937.9,-0.28,632687,1829288,0.3459,16,2026-07-31
669,AAVAS.NS,Aavas Financiers Ltd.,Financial Services,1359.8,-0.21,27065,78884,0.3431,16,2026-07-31
670,HCG.NS,Healthcare Global Enterprises Ltd.,Healthcare,671.2,0.23,87807,256005,0.343,16,2026-07-31
671,DCAL.NS,Dishman Carbogen Amcis Ltd.,Healthcare,186.94,0.89,70760,206716,0.3423,16,2026-07-31
672,HEG.NS,H.E.G. Ltd.,Capital Goods,657.25,-0.3,1255124,3763290,0.3335,16,2026-07-31
673,DATAMATICS.NS,Datamatics Global Services Ltd.,Information Technology,832.05,1.27,39400,118999,0.3311,16,2026-07-31
674,MTARTECH.NS,MTAR Technologies Ltd.,Capital Goods,5726.0,5.0,78098,237021,0.3295,16,2026-07-31
675,SWSOLAR.NS,Sterling and Wilson Renewable Energy Ltd.,Construction,203.96,-0.01,723297,2201313,0.3286,16,2026-07-31
676,ACE.NS,Action Construction Equipment Ltd.,Capital Goods,1070.3,1.24,297173,908877,0.327,16,2026-07-31
677,GREAVESCOT.NS,Greaves Cotton Ltd.,Capital Goods,238.05,2.69,965046,2952544,0.3269,16,2026-07-31
678,HAPPSTMNDS.NS,Happiest Minds Technologies Ltd.,Information Technology,377.2,-0.85,649003,1993048,0.3256,16,2026-07-31
679,DBREALTY.NS,Valor Estate Ltd.,Consumer Services,112.8,-0.91,129909,399962,0.3248,16,2026-07-31
680,GRAPHITE.NS,Graphite India Ltd.,Capital Goods,656.4,-1.4,518910,1605601,0.3232,16,2026-07-31
681,ANURAS.NS,Anupam Rasayan India Ltd.,Chemicals,1207.8,-0.25,142325,444737,0.32,16,2026-07-31
682,NESCO.NS,NESCO Ltd.,Services,1064.8,-1.45,18870,59642,0.3164,16,2026-07-31
683,ITI.NS,ITI Ltd.,Telecommunication,276.7,1.19,163583,517887,0.3159,16,2026-07-31
684,LLOYDSENT.NS,Lloyds Enterprises Ltd.,Metals & Mining,79.96,1.16,2255299,7169916,0.3146,16,2026-07-31
685,HIKAL.NS,Hikal Ltd.,Healthcare,221.31,1.99,142053,459644,0.3091,16,2026-07-31
686,ECLERX.NS,eClerx Services Ltd.,Services,1845.5,-3.42,208434,678723,0.3071,16,2026-07-31
687,PVRINOX.NS,PVR INOX Ltd.,Media Entertainment & Publication,1130.6,-0.08,178460,586923,0.3041,16,2026-07-31
688,DLF.NS,DLF Ltd.,Realty,659.3,0.68,1436190,4749823,0.3024,16,2026-07-31
689,SHAREINDIA.NS,Share India Securities Ltd.,Financial Services,178.48,3.97,629660,2106187,0.299,16,2026-07-31
690,EPIGRAL.NS,Epigral Ltd.,Chemicals,1088.7,-1.5,60636,203464,0.298,16,2026-07-31
691,BIOCON.NS,Biocon Ltd.,Healthcare,425.7,0.08,2304625,7742966,0.2976,16,2026-07-31
692,UTIAMC.NS,UTI Asset Management Company Ltd.,Financial Services,903.1,-0.68,122041,413312,0.2953,16,2026-07-31
693,CANFINHOME.NS,Can Fin Homes Ltd.,Financial Services,820.6,0.53,77676,272408,0.2851,16,2026-07-31
694,AKUMS.NS,Akums Drugs and Pharmaceuticals Ltd.,Healthcare,658.35,-0.34,82447,290300,0.284,16,2026-07-31
695,CYIENTDLM.NS,Cyient DLM Ltd.,Capital Goods,670.05,-1.19,445078,1573512,0.2829,16,2026-07-31
696,IOB.NS,Indian Overseas Bank,Financial Services,33.9,0.5,1581403,5593344,0.2827,16,2026-07-31
697,IDBI.NS,IDBI Bank Ltd.,Financial Services,83.75,-0.35,4078266,14542832,0.2804,16,2026-07-31
698,ATGL.NS,Adani Total Gas Ltd.,Oil Gas & Consumable Fuels,651.45,0.2,459721,1639828,0.2803,16,2026-07-31
699,BANDHANBNK.NS,Bandhan Bank Ltd.,Financial Services,174.13,0.82,7028498,25213346,0.2788,16,2026-07-31
700,WELENT.NS,Welspun Enterprises Ltd.,Construction,592.3,0.45,75317,272704,0.2762,16,2026-07-31
701,SANOFICONR.NS,Sanofi Consumer Healthcare India Ltd.,Healthcare,4611.2,-0.18,4534,16439,0.2758,16,2026-07-31
702,GABRIEL.NS,Gabriel India Ltd.,Automobile and Auto Components,1441.8,3.58,286872,1040580,0.2757,16,2026-07-31
703,COHANCE.NS,Cohance Lifesciences Ltd.,Healthcare,425.05,-0.06,172036,625469,0.2751,16,2026-07-31
704,UNIONBANK.NS,Union Bank of India,Financial Services,171.24,0.49,5557438,20298527,0.2738,16,2026-07-31
705,FIRSTCRY.NS,Brainbees Solutions Ltd.,Consumer Services,212.26,0.16,225242,844865,0.2666,16,2026-07-31
706,AJAXENGG.NS,Ajax Engineering Ltd.,Capital Goods,580.15,-0.19,21094,79462,0.2655,16,2026-07-31
707,KARURVYSYA.NS,Karur Vysya Bank Ltd.,Financial Services,342.45,0.63,2389838,9054992,0.2639,16,2026-07-31
708,GREENPANEL.NS,Greenpanel Industries Ltd.,Consumer Durables,193.02,0.33,46478,180891,0.2569,16,2026-07-31
709,SUNTECK.NS,Sunteck Realty Ltd.,Realty,302.3,-0.4,139618,551238,0.2533,16,2026-07-31
710,RHIM.NS,RHI MAGNESITA INDIA LTD.,Capital Goods,388.55,-0.51,226409,910238,0.2487,16,2026-07-31
711,EMUDHRA.NS,eMudhra Ltd.,Information Technology,464.1,1.65,141715,571596,0.2479,16,2026-07-31
712,ICICIGI.NS,ICICI Lombard General Insurance Company Ltd.,Financial Services,1623.7,-0.87,471491,1911613,0.2466,16,2026-07-31
713,MRPL.NS,Mangalore Refinery & Petrochemicals Ltd.,Oil Gas & Consumable Fuels,169.94,1.86,7625463,31223385,0.2442,16,2026-07-31
714,PATANJALI.NS,Patanjali Foods Ltd.,Fast Moving Consumer Goods,354.6,-0.49,2715145,11403817,0.2381,16,2026-07-31
715,SENCO.NS,Senco Gold Ltd.,Consumer Durables,403.2,-0.41,781688,3348635,0.2334,16,2026-07-31
716,RALLIS.NS,Rallis India Ltd.,Chemicals,217.14,0.06,437518,1932310,0.2264,16,2026-07-31
717,SIGNATURE.NS,Signatureglobal (India) Ltd.,Realty,820.45,0.86,180245,796612,0.2263,16,2026-07-31
718,INDIACEM.NS,India Cements Ltd.,Construction Materials,398.0,-0.35,108795,483218,0.2251,16,2026-07-31
719,MAPMYINDIA.NS,C.E. Info Systems Ltd.,Information Technology,1181.65,-0.26,190699,860762,0.2215,16,2026-07-31
720,CAMPUS.NS,Campus Activewear Ltd.,Consumer Durables,222.35,1.6,925197,4243621,0.218,16,2026-07-31
721,FLUOROCHEM.NS,Gujarat Fluorochemicals Ltd.,Chemicals,4366.8,-0.64,45296,218120,0.2077,16,2026-07-31
722,JINDWORLD.NS,Jindal Worldwide Ltd.,Textiles,38.34,-0.44,6111418,30050737,0.2034,16,2026-07-31
723,TANLA.NS,Tanla Platforms Ltd.,Information Technology,586.55,-1.1,615128,3043139,0.2021,16,2026-07-31
724,AIIL.NS,Authum Investment & Infrastructure Ltd.,Financial Services,539.3,-1.21,111238,555934,0.2001,16,2026-07-31
725,THYROCARE.NS,Thyrocare Technologies Ltd.,Healthcare,579.0,-2.1,300315,1521698,0.1974,16,2026-07-31
726,ETHOSLTD.NS,Ethos Ltd.,Consumer Durables,2575.4,1.55,15665,80464,0.1947,16,2026-07-31
727,ORCHPHARMA.NS,Orchid Pharma Ltd.,Healthcare,986.55,-1.37,29846,159691,0.1869,16,2026-07-31
728,GODIGIT.NS,Go Digit General Insurance Ltd.,Financial Services,254.3,-0.25,219198,1195673,0.1833,16,2026-07-31
729,MAXESTATES.NS,Max Estates Ltd.,Realty,393.2,1.37,22775,124309,0.1832,16,2026-07-31
730,POLYPLEX.NS,Polyplex Corporation Ltd.,Capital Goods,1105.3,0.17,19050,104607,0.1821,16,2026-07-31
731,JUBLINGREA.NS,Jubilant Ingrevia Ltd.,Chemicals,735.7,1.0,131684,734588,0.1793,16,2026-07-31
732,PURVA.NS,Puravankara Ltd.,Realty,210.79,-1.05,213125,1223996,0.1741,16,2026-07-31
733,ZENSARTECH.NS,Zensar Technolgies Ltd.,Information Technology,507.95,-2.49,1577647,9215974,0.1712,16,2026-07-31
734,IONEXCHANG.NS,Ion Exchange (India) Ltd.,Utilities,420.7,0.77,258607,1515410,0.1707,16,2026-07-31
735,SOBHA.NS,Sobha Ltd.,Realty,1372.2,2.07,59079,346824,0.1703,16,2026-07-31
736,LUXIND.NS,Lux Industries Ltd.,Textiles,1247.6,-0.5,7455,44909,0.166,16,2026-07-31
737,BECTORFOOD.NS,Mrs. Bectors Food Specialities Ltd.,Fast Moving Consumer Goods,206.46,-3.46,3034546,18595381,0.1632,16,2026-07-31
738,GODREJIND.NS,Godrej Industries Ltd.,Diversified,1317.6,0.63,48678,327847,0.1485,16,2026-07-31
739,NEWGEN.NS,Newgen Software Technologies Ltd.,Information Technology,555.7,0.5,1177716,8423440,0.1398,16,2026-07-31
740,TIPSMUSIC.NS,Tips Music Ltd.,Media Entertainment & Publication,668.05,0.47,216491,1565464,0.1383,16,2026-07-31
741,DBL.NS,Dilip Buildcon Ltd.,Construction,429.2,2.06,177909,1481224,0.1201,16,2026-07-31
742,ROUTE.NS,Route Mobile Ltd.,Telecommunication,540.0,-1.69,274223,2769559,0.099,16,2026-07-31
743,JUSTDIAL.NS,Justdial Ltd.,Consumer Services,716.7,-3.36,452894,6914953,0.0655,16,2026-07-31
744,NUVOCO.NS,Nuvoco Vistas Corporation Ltd.,Construction Materials,344.65,-1.3,380099,6041838,0.0629,16,2026-07-31
745,RELAXO.NS,Relaxo Footwears Ltd.,Consumer Durables,403.95,-1.03,171024,3709780,0.0461,16,2026-07-31
746,RELINFRA.NS,Reliance Infrastructure Ltd.,Power,60.04,0.0,0,366434,0.0,16,2026-07-30
747,JBCHEPHARM.NS,J.B. Chemicals & Pharmaceuticals Ltd.,Healthcare,2408.9,0.0,0,651638,0.0,16,2026-07-23
